ValidStart,ValidEnd,None,D0,D1,D2,D3,D4,HighestDroughtLevel
10/12/2021,10/18/2021,5.26,94.74,65.99,29.29,13.63,1.95,D4
10/05/2021,10/11/2021,10.34,89.66,54.1,26.59,12.97,1.95,D4
09/28/2021,10/04/2021,12.72,87.28,46.42,26.3,15.05,3.91,D4
09/21/2021,09/27/2021,16.92,83.08,40.94,24.58,15.05,3.91,D4
09/14/2021,09/20/2021,34.6,65.4,37.06,24.48,15.05,3.91,D4
09/07/2021,09/13/2021,47.43,52.57,36.47,24.48,15.05,3.91,D4
08/31/2021,09/06/2021,49.43,50.57,36.47,24.44,15.05,3.91,D4
08/24/2021,08/30/2021,49.27,50.73,36.61,24.44,15.05,3.91,D4
08/17/2021,08/23/2021,48.62,51.38,37.23,28.04,20.37,6.38,D4
08/10/2021,08/16/2021,53.18,46.82,34.43,28.04,20.37,6.38,D4
08/03/2021,08/09/2021,56.64,43.36,34.52,29.61,20.96,6.38,D4
07/27/2021,08/02/2021,56.19,43.81,38.16,32.98,26.82,15.43,D4
07/20/2021,07/26/2021,54.43,45.57,41.02,36.23,28.15,18.32,D4
07/13/2021,07/19/2021,54.44,45.56,40.99,36.23,29.94,18.32,D4
07/06/2021,07/12/2021,54.48,45.52,41.51,36.37,29.95,17.52,D4
06/29/2021,07/05/2021,54.48,45.52,41.62,36.37,29.95,17.52,D4
06/22/2021,06/28/2021,54.41,45.59,41.62,36.37,30.35,17.73,D4
06/15/2021,06/21/2021,54.98,45.02,41.42,35.54,29.86,17.53,D4
06/08/2021,06/14/2021,54.98,45.02,41.42,35.54,29.15,17.53,D4
06/01/2021,06/07/2021,51.1,48.9,43.36,35.53,29.15,16.39,D4
05/25/2021,05/31/2021,33.83,66.17,46.22,35.53,29.15,16.39,D4
05/18/2021,05/24/2021,23.3,76.7,51.8,39.29,28.96,16.39,D4
05/11/2021,05/17/2021,13.05,86.95,75.19,43.27,29.45,16.39,D4
05/04/2021,05/10/2021,7.84,92.16,79.86,51.85,31.01,16.39,D4
04/27/2021,05/03/2021,1.19,98.81,89.13,60.45,32.13,16.68,D4
04/20/2021,04/26/2021,1.19,98.81,89.13,60.45,32.13,14.65,D4
04/13/2021,04/19/2021,0,100,92.31,61.69,32.13,14.65,D4
04/06/2021,04/12/2021,0,100,92.31,61.69,32.13,14.65,D4
03/30/2021,04/05/2021,0,100,92.31,61.69,32.13,14.65,D4
03/23/2021,03/29/2021,0,100,92.62,62.13,32.13,15.1,D4
03/16/2021,03/22/2021,0,100,95.76,71.47,38.64,15.1,D4
03/09/2021,03/15/2021,0,100,98.57,88.76,56.64,15.89,D4
03/02/2021,03/08/2021,0,100,98.57,88.76,56.66,15.89,D4
02/23/2021,03/01/2021,0,100,98.57,88.76,56.93,15.89,D4
02/16/2021,02/22/2021,0,100,100,90.24,58.91,17.78,D4
02/09/2021,02/15/2021,0,100,100,90.24,70.11,24.79,D4
02/02/2021,02/08/2021,0,100,100,90.24,70.73,24.79,D4
01/26/2021,02/01/2021,0,100,100,90.65,73.11,24.91,D4
01/19/2021,01/25/2021,0,100,100,91.06,73.63,27.59,D4
01/12/2021,01/18/2021,0,100,100,91.03,73.63,27.59,D4
01/05/2021,01/11/2021,0,100,100,93.73,76.17,27.6,D4
12/29/2020,01/04/2021,0,100,100,93.73,76.17,27.6,D4
12/22/2020,12/28/2020,0,100,100,93.73,76.17,27.6,D4
12/15/2020,12/21/2020,0,100,100,93.73,76.17,27.6,D4
12/08/2020,12/14/2020,0,100,100,93.71,76.17,27.6,D4
12/01/2020,12/07/2020,0,100,100,93.71,74.68,26.71,D4
11/24/2020,11/30/2020,0,100,100,93.71,74.63,27.22,D4
11/17/2020,11/23/2020,0,100,100,93.71,74.08,27.22,D4
11/10/2020,11/16/2020,0,100,100,93.71,74.08,24.64,D4
11/03/2020,11/09/2020,0,100,100,93.71,74.08,24.39,D4
10/27/2020,11/02/2020,0,100,100,97.26,75.91,21.82,D4
10/20/2020,10/26/2020,0,100,100,97.26,77.72,21.82,D4
10/13/2020,10/19/2020,0,100,100,97.23,59.23,16.72,D4
10/06/2020,10/12/2020,0,100,99.3,90.39,59.23,16.72,D4
09/29/2020,10/05/2020,0,100,99.29,89.35,52.88,2.64,D4
09/22/2020,09/28/2020,0,100,98.61,87.77,50.1,0.38,D4
09/15/2020,09/21/2020,0,100,98.6,88.89,50.1,0.38,D4
09/08/2020,09/14/2020,0,100,98.83,92.27,54.82,0.38,D4
09/01/2020,09/07/2020,0,100,98.8,91.55,36.85,0.38,D4
08/25/2020,08/31/2020,0,100,98.26,93.29,36.52,0.38,D4
08/18/2020,08/24/2020,0,100,98.76,72.69,27.31,0,D3
08/11/2020,08/17/2020,0,100,93.87,61.43,23.66,0,D3
08/04/2020,08/10/2020,0,100,85.88,58.79,26.64,0,D3
07/28/2020,08/03/2020,0.65,99.35,83.72,58.79,26.64,0,D3
07/21/2020,07/27/2020,2.95,97.05,73.99,60.34,31.77,0,D3
07/14/2020,07/20/2020,4.64,95.36,70.2,57.84,36.91,0,D3
07/07/2020,07/13/2020,15.67,84.33,69.18,55.41,34.07,0,D3
06/30/2020,07/06/2020,15.67,84.33,67.96,56.23,34.07,1.37,D4
06/23/2020,06/29/2020,17.21,82.79,67.96,56.23,32.96,0,D3
06/16/2020,06/22/2020,18.4,81.6,65.91,55.41,32.96,0,D3
06/09/2020,06/15/2020,23.22,76.78,63.64,49.38,25.49,0,D3
06/02/2020,06/08/2020,23.22,76.78,63.5,47.08,19.46,0,D3
05/26/2020,06/01/2020,23.22,76.78,65.2,43.76,17.52,0,D3
05/19/2020,05/25/2020,23.22,76.78,65.2,46.31,17.52,0,D3
05/12/2020,05/18/2020,20.76,79.24,62.66,46.08,14.65,0,D3
05/05/2020,05/11/2020,23.79,76.21,61.83,40.72,11.34,0,D3
04/28/2020,05/04/2020,24.47,75.53,56.64,32.72,0,0,D2
04/21/2020,04/27/2020,33.26,66.74,53.58,28.51,0,0,D2
04/14/2020,04/20/2020,33.26,66.74,53.23,12.88,0,0,D2
04/07/2020,04/13/2020,35.36,64.64,47.33,6.5,0,0,D2
03/31/2020,04/06/2020,32.23,67.77,47.33,3.25,0,0,D2
03/24/2020,03/30/2020,30.32,69.68,45.87,3.25,0,0,D2
03/17/2020,03/23/2020,30.09,69.91,46.88,3.3,0,0,D2
03/10/2020,03/16/2020,30.09,69.91,46.88,3.3,0,0,D2
03/03/2020,03/09/2020,30.09,69.91,45.33,3.3,0,0,D2
02/25/2020,03/02/2020,30.09,69.91,42.77,3.3,0,0,D2
02/18/2020,02/24/2020,28.74,71.26,43.82,3.3,0,0,D2
02/11/2020,02/17/2020,27.72,72.28,43.82,3.3,0,0,D2
02/04/2020,02/10/2020,22.39,77.61,51.12,3.3,0,0,D2
01/28/2020,02/03/2020,22.39,77.61,51.19,3.3,0,0,D2
01/21/2020,01/27/2020,22.39,77.61,51.19,13.84,0,0,D2
01/14/2020,01/20/2020,31.72,68.28,51.19,13.84,0,0,D2
01/07/2020,01/13/2020,31.72,68.28,51.19,13.84,0,0,D2
12/31/2019,01/06/2020,31.72,68.28,51.19,20.11,0,0,D2
12/24/2019,12/30/2019,31.72,68.28,51.19,20.11,0,0,D2
12/17/2019,12/23/2019,31.72,68.28,51.19,20.11,0,0,D2
12/10/2019,12/16/2019,28.03,71.97,55.82,30.09,0,0,D2
12/03/2019,12/09/2019,28.2,71.8,55.9,30.26,0,0,D2
11/26/2019,12/02/2019,24.08,75.92,61.85,32.29,0,0,D2
11/19/2019,11/25/2019,25.19,74.81,59.95,32.23,0,0,D2
11/12/2019,11/18/2019,25.74,74.26,55.27,31.02,0,0,D2
11/05/2019,11/11/2019,18.73,81.27,58.24,27.41,0,0,D2
10/29/2019,11/04/2019,18.73,81.27,58.24,27.41,0,0,D2
10/22/2019,10/28/2019,11.64,88.36,60.76,27.41,0,0,D2
10/15/2019,10/21/2019,25.44,74.56,37.01,11.23,0,0,D2
10/08/2019,10/14/2019,25.48,74.52,37.01,11.23,0,0,D2
10/01/2019,10/07/2019,30.14,69.86,27.53,0,0,0,D1
09/24/2019,09/30/2019,34.06,65.94,10.81,0,0,0,D1
09/17/2019,09/23/2019,50.45,49.55,6.68,0,0,0,D1
09/10/2019,09/16/2019,50.45,49.55,6.68,0,0,0,D1
09/03/2019,09/09/2019,58.99,41.01,3.46,0,0,0,D1
08/27/2019,09/02/2019,80.47,19.53,1.98,0,0,0,D1
08/20/2019,08/26/2019,93.35,6.65,0,0,0,0,D0
08/13/2019,08/19/2019,93.35,6.65,0,0,0,0,D0
08/06/2019,08/12/2019,94.53,5.47,0,0,0,0,D0
07/30/2019,08/05/2019,95.32,4.68,0,0,0,0,D0
07/23/2019,07/29/2019,96.93,3.07,0,0,0,0,D0
07/16/2019,07/22/2019,100,0,0,0,0,0,None
07/09/2019,07/15/2019,100,0,0,0,0,0,None
07/02/2019,07/08/2019,100,0,0,0,0,0,None
06/25/2019,07/01/2019,100,0,0,0,0,0,None
06/18/2019,06/24/2019,100,0,0,0,0,0,None
06/11/2019,06/17/2019,100,0,0,0,0,0,None
06/04/2019,06/10/2019,100,0,0,0,0,0,None
05/28/2019,06/03/2019,100,0,0,0,0,0,None
05/21/2019,05/27/2019,99.99,0.01,0,0,0,0,D0
05/14/2019,05/20/2019,89.35,10.65,0.01,0,0,0,D1
05/07/2019,05/13/2019,84.23,15.77,0.59,0,0,0,D1
04/30/2019,05/06/2019,84.72,15.28,0.59,0,0,0,D1
04/23/2019,04/29/2019,78.01,21.99,0.98,0,0,0,D1
04/16/2019,04/22/2019,78.01,21.99,4.74,0,0,0,D1
04/09/2019,04/15/2019,78.01,21.99,4.74,0,0,0,D1
04/02/2019,04/08/2019,78.01,21.99,4.74,0,0,0,D1
03/26/2019,04/01/2019,74.78,25.22,4.74,0,0,0,D1
03/19/2019,03/25/2019,53.87,46.13,6.39,0.63,0,0,D2
03/12/2019,03/18/2019,17,83,25.44,6.26,0.58,0,D3
03/05/2019,03/11/2019,10.64,89.36,58.05,12.08,0.58,0,D3
02/26/2019,03/04/2019,10.64,89.36,62.26,35.26,0.59,0,D3
02/19/2019,02/25/2019,8.15,91.85,67.16,39.69,10.21,0.11,D4
02/12/2019,02/18/2019,8.15,91.85,67.16,39.69,21.84,0.11,D4
02/05/2019,02/11/2019,8.14,91.86,67.16,40.83,22.05,2.96,D4
01/29/2019,02/04/2019,15.91,84.09,66.35,41.02,22.04,2.79,D4
01/22/2019,01/28/2019,15.91,84.09,68.49,42.41,22.04,2.79,D4
01/15/2019,01/21/2019,15.91,84.09,68.49,53,25.35,10.51,D4
01/08/2019,01/14/2019,14.89,85.11,69.48,54.91,25.69,10.51,D4
01/01/2019,01/07/2019,17.94,82.06,66.26,54.91,27.11,11.22,D4
12/25/2018,12/31/2018,15.88,84.12,66.26,54.91,27.11,11.22,D4
12/18/2018,12/24/2018,17.1,82.9,66.26,54.82,27.11,11.22,D4
12/11/2018,12/17/2018,17.1,82.9,66.26,54.82,27.11,11.22,D4
12/04/2018,12/10/2018,17.1,82.9,66.26,54.82,27.11,11.22,D4
11/27/2018,12/03/2018,17.1,82.9,66.26,54.82,33.46,13.35,D4
11/20/2018,11/26/2018,17.1,82.9,66.26,54.82,34.13,13.35,D4
11/13/2018,11/19/2018,16.64,83.36,66.26,54.82,34.13,13.35,D4
11/06/2018,11/12/2018,16.64,83.36,66.8,54.82,35.19,13.37,D4
10/30/2018,11/05/2018,16.64,83.36,66.8,57.07,37.48,13.64,D4
10/23/2018,10/29/2018,16.64,83.36,67.83,59.23,39.09,13.64,D4
10/16/2018,10/22/2018,16.64,83.36,67.83,59.23,39.09,13.64,D4
10/09/2018,10/15/2018,16.64,83.36,70.27,59.71,41.26,13.64,D4
10/02/2018,10/08/2018,14.19,85.81,72.3,64.41,48.47,16.21,D4
09/25/2018,10/01/2018,14.19,85.81,72.3,64.41,48.47,16.21,D4
09/18/2018,09/24/2018,16.89,83.11,71.59,63.93,44.29,12.62,D4
09/11/2018,09/17/2018,19.99,80.01,71.39,63.93,44.29,9.72,D4
09/04/2018,09/10/2018,19.99,80.01,71.39,63.93,44.3,9.72,D4
08/28/2018,09/03/2018,18.57,81.43,72.8,64.63,44.3,8.5,D4
08/21/2018,08/27/2018,18.57,81.43,74.46,65.88,45.46,8.5,D4
08/14/2018,08/20/2018,18.63,81.37,75.86,65.91,45.46,8.5,D4
08/07/2018,08/13/2018,18.2,81.8,75.86,64.65,35.1,8.5,D4
07/31/2018,08/06/2018,17.95,82.05,76.56,66.29,43.53,10.17,D4
07/24/2018,07/30/2018,17.85,82.15,76.64,60.82,39.72,10.2,D4
07/17/2018,07/23/2018,17.5,82.5,76.96,60.62,40.08,13.32,D4
07/10/2018,07/16/2018,17.5,82.5,77.11,60.62,40.08,13.32,D4
07/03/2018,07/09/2018,20.46,79.54,67.3,52.31,36.46,8.81,D4
06/26/2018,07/02/2018,21.33,78.67,66.9,52.31,36.46,8.81,D4
06/19/2018,06/25/2018,21.33,78.67,66.9,50.67,34.19,7.79,D4
06/12/2018,06/18/2018,20.33,79.67,67.52,51.18,35.21,7.79,D4
06/05/2018,06/11/2018,24.69,75.31,63.91,50.8,35.13,7.79,D4
05/29/2018,06/04/2018,24.68,75.32,63.92,50.55,33.67,7.79,D4
05/22/2018,05/28/2018,21.4,78.6,65.1,50.77,33.67,7.79,D4
05/15/2018,05/21/2018,20.49,79.51,65.53,51.14,30.89,7.79,D4
05/08/2018,05/14/2018,18.02,81.98,67.98,51.57,30.89,7.4,D4
05/01/2018,05/07/2018,18.47,81.53,67.98,53.65,30.89,5.02,D4
04/24/2018,04/30/2018,18.47,81.53,67.98,53.65,30.89,3.87,D4
04/17/2018,04/23/2018,15.74,84.26,69.17,53.65,24.42,3.87,D4
04/10/2018,04/16/2018,12.38,87.62,69.43,53.65,24.31,0,D3
04/03/2018,04/09/2018,9.65,90.35,73.67,51.56,23.63,0,D3
03/27/2018,04/02/2018,9.65,90.35,73.5,48.55,20.61,0,D3
03/20/2018,03/26/2018,9.65,90.35,74.31,50.29,19.99,0,D3
03/13/2018,03/19/2018,10.16,89.84,70.75,47.44,13.44,0,D3
03/06/2018,03/12/2018,10.16,89.84,70.89,45.8,9.28,0,D3
02/27/2018,03/05/2018,10.16,89.84,70.89,33.51,7.62,0,D3
02/20/2018,02/26/2018,8.59,91.41,71.18,33.51,7.62,0,D3
02/13/2018,02/19/2018,8.59,91.41,71.18,33.51,0,0,D2
02/06/2018,02/12/2018,0.59,99.41,71.9,31.82,0,0,D2
01/30/2018,02/05/2018,0.59,99.41,75.9,29.21,0,0,D2
01/23/2018,01/29/2018,0.59,99.41,75.9,29.21,0,0,D2
01/16/2018,01/22/2018,0.59,99.41,75.9,23.23,0,0,D2
01/09/2018,01/15/2018,0.59,99.41,75.9,22.02,0,0,D2
01/02/2018,01/08/2018,6.57,93.43,33.53,7.27,0,0,D2
12/26/2017,01/01/2018,7.17,92.83,27.88,0,0,0,D1
12/19/2017,12/25/2017,7.17,92.83,27.13,0,0,0,D1
12/12/2017,12/18/2017,11.25,88.75,16.09,0,0,0,D1
12/05/2017,12/11/2017,66.96,33.04,15.99,0,0,0,D1
11/28/2017,12/04/2017,67.07,32.93,13.24,0,0,0,D1
11/21/2017,11/27/2017,71.23,28.77,9.82,0,0,0,D1
11/14/2017,11/20/2017,71.26,28.74,1.22,0,0,0,D1
11/07/2017,11/13/2017,71.26,28.74,1.22,0,0,0,D1
10/31/2017,11/06/2017,71.37,28.63,1.22,0,0,0,D1
10/24/2017,10/30/2017,71.57,28.43,1.12,0,0,0,D1
10/17/2017,10/23/2017,71.71,28.29,1.12,0,0,0,D1
10/10/2017,10/16/2017,78.81,21.19,1.12,0,0,0,D1
10/03/2017,10/09/2017,70.54,29.46,3.7,0,0,0,D1
09/26/2017,10/02/2017,67.63,32.37,3.72,0,0,0,D1
09/19/2017,09/25/2017,64.79,35.21,3.72,0,0,0,D1
09/12/2017,09/18/2017,64.81,35.19,3.72,0,0,0,D1
09/05/2017,09/11/2017,67.49,32.51,3.72,0,0,0,D1
08/29/2017,09/04/2017,81.29,18.71,0,0,0,0,D0
08/22/2017,08/28/2017,83.96,16.04,0,0,0,0,D0
08/15/2017,08/21/2017,85.18,14.82,0,0,0,0,D0
08/08/2017,08/14/2017,82.69,17.31,0,0,0,0,D0
08/01/2017,08/07/2017,79.02,20.98,0,0,0,0,D0
07/25/2017,07/31/2017,60.05,39.95,0,0,0,0,D0
07/18/2017,07/24/2017,64.47,35.53,0,0,0,0,D0
07/11/2017,07/17/2017,66.84,33.16,0,0,0,0,D0
07/04/2017,07/10/2017,85.58,14.42,0,0,0,0,D0
06/27/2017,07/03/2017,93.82,6.18,0,0,0,0,D0
06/20/2017,06/26/2017,94.11,5.89,0,0,0,0,D0
06/13/2017,06/19/2017,93.84,6.16,0,0,0,0,D0
06/06/2017,06/12/2017,93.84,6.16,0,0,0,0,D0
05/30/2017,06/05/2017,94.3,5.7,0,0,0,0,D0
05/23/2017,05/29/2017,94.3,5.7,0,0,0,0,D0
05/16/2017,05/22/2017,81.26,18.74,0.41,0,0,0,D1
05/09/2017,05/15/2017,87.62,12.38,2.19,0,0,0,D1
05/02/2017,05/08/2017,83.52,16.48,3.57,0,0,0,D1
04/25/2017,05/01/2017,64.25,35.75,8.73,0,0,0,D1
04/18/2017,04/24/2017,46.01,53.99,11.88,0,0,0,D1
04/11/2017,04/17/2017,51.89,48.11,19.46,0,0,0,D1
04/04/2017,04/10/2017,51.89,48.11,21.88,3.03,0,0,D2
03/28/2017,04/03/2017,49.49,50.51,23.25,3.22,0.2,0,D3
03/21/2017,03/27/2017,48.05,51.95,41.82,5.14,0.2,0,D3
03/14/2017,03/20/2017,48.05,51.95,41.82,4.43,0.2,0,D3
03/07/2017,03/13/2017,48.04,51.96,37.11,1.98,0.2,0,D3
02/28/2017,03/06/2017,48.04,51.96,36.92,1.64,0,0,D2
02/21/2017,02/27/2017,48.05,51.95,36.92,1.64,0,0,D2
02/14/2017,02/20/2017,46.88,53.12,36.92,0.75,0,0,D2
02/07/2017,02/13/2017,47.49,52.51,35.34,0.75,0,0,D2
01/31/2017,02/06/2017,47.49,52.51,35.34,0.75,0,0,D2
01/24/2017,01/30/2017,44.27,55.73,35.34,0.75,0,0,D2
01/17/2017,01/23/2017,44.17,55.83,35.34,0.75,0,0,D2
01/10/2017,01/16/2017,44.17,55.83,35.34,2.28,0,0,D2
01/03/2017,01/09/2017,31.88,68.12,37.21,2.88,0,0,D2
12/27/2016,01/02/2017,31.88,68.12,37.21,2.88,0,0,D2
12/20/2016,12/26/2016,1.66,98.34,38.38,2.88,0,0,D2
12/13/2016,12/19/2016,1.66,98.34,38.38,2.88,0,0,D2
12/06/2016,12/12/2016,1.6,98.4,38.29,2.77,0,0,D2
11/29/2016,12/05/2016,1.6,98.4,35.23,2.15,0,0,D2
11/22/2016,11/28/2016,1.6,98.4,35.21,2.15,0,0,D2
11/15/2016,11/21/2016,1.6,98.4,35.21,2.15,0,0,D2
11/08/2016,11/14/2016,1.6,98.4,30.84,0,0,0,D1
11/01/2016,11/07/2016,8.9,91.1,24.31,0,0,0,D1
10/25/2016,10/31/2016,35.46,64.54,5.83,0,0,0,D1
10/18/2016,10/24/2016,51.91,48.09,3.53,0,0,0,D1
10/11/2016,10/17/2016,75.77,24.23,2.45,0,0,0,D1
10/04/2016,10/10/2016,75.77,24.23,2.45,0,0,0,D1
09/27/2016,10/03/2016,70.49,29.51,2.45,0,0,0,D1
09/20/2016,09/26/2016,71.75,28.25,1.79,0,0,0,D1
09/13/2016,09/19/2016,71.75,28.25,1.79,0,0,0,D1
09/06/2016,09/12/2016,77.4,22.6,1.09,0,0,0,D1
08/30/2016,09/05/2016,77.4,22.6,1.09,0,0,0,D1
08/23/2016,08/29/2016,65.98,34.02,1.47,0,0,0,D1
08/16/2016,08/22/2016,71.05,28.95,1.47,0,0,0,D1
08/09/2016,08/15/2016,73.34,26.66,0.38,0,0,0,D1
08/02/2016,08/08/2016,80.95,19.05,0.38,0,0,0,D1
07/26/2016,08/01/2016,80.95,19.05,0.38,0,0,0,D1
07/19/2016,07/25/2016,81.13,18.87,0,0,0,0,D0
07/12/2016,07/18/2016,92.96,7.04,0,0,0,0,D0
07/05/2016,07/11/2016,94.76,5.24,0,0,0,0,D0
06/28/2016,07/04/2016,94.76,5.24,0,0,0,0,D0
06/21/2016,06/27/2016,94.76,5.24,0,0,0,0,D0
06/14/2016,06/20/2016,96.17,3.83,0,0,0,0,D0
06/07/2016,06/13/2016,96.17,3.83,0,0,0,0,D0
05/31/2016,06/06/2016,96.17,3.83,0,0,0,0,D0
05/24/2016,05/30/2016,96.17,3.83,0,0,0,0,D0
05/17/2016,05/23/2016,95.22,4.78,0,0,0,0,D0
05/10/2016,05/16/2016,95.22,4.78,0,0,0,0,D0
05/03/2016,05/09/2016,93.05,6.95,0,0,0,0,D0
04/26/2016,05/02/2016,74.64,25.36,2.09,0,0,0,D1
04/19/2016,04/25/2016,74.62,25.38,2.09,0,0,0,D1
04/12/2016,04/18/2016,70.41,29.59,7.75,0.35,0,0,D2
04/05/2016,04/11/2016,71.01,28.99,7.36,0,0,0,D1
03/29/2016,04/04/2016,68.55,31.45,4.39,0,0,0,D1
03/22/2016,03/28/2016,68.75,31.25,2.95,0,0,0,D1
03/15/2016,03/21/2016,72.25,27.75,0.03,0,0,0,D1
03/08/2016,03/14/2016,85.58,14.42,0,0,0,0,D0
03/01/2016,03/07/2016,91.03,8.97,0,0,0,0,D0
02/23/2016,02/29/2016,92.65,7.35,0,0,0,0,D0
02/16/2016,02/22/2016,92.65,7.35,0,0,0,0,D0
02/09/2016,02/15/2016,92.65,7.35,0,0,0,0,D0
02/02/2016,02/08/2016,89.95,10.05,0,0,0,0,D0
01/26/2016,02/01/2016,90.01,9.99,0,0,0,0,D0
01/19/2016,01/25/2016,90.01,9.99,0,0,0,0,D0
01/12/2016,01/18/2016,89.98,10.02,0,0,0,0,D0
01/05/2016,01/11/2016,90.02,9.98,0,0,0,0,D0
12/29/2015,01/04/2016,90.02,9.98,0,0,0,0,D0
12/22/2015,12/28/2015,88.11,11.89,0,0,0,0,D0
12/15/2015,12/21/2015,88.11,11.89,0,0,0,0,D0
12/08/2015,12/14/2015,84.47,15.53,0,0,0,0,D0
12/01/2015,12/07/2015,84.47,15.53,0,0,0,0,D0
11/24/2015,11/30/2015,82.89,17.11,0,0,0,0,D0
11/17/2015,11/23/2015,82.15,17.85,0,0,0,0,D0
11/10/2015,11/16/2015,79.91,20.09,0,0,0,0,D0
11/03/2015,11/09/2015,71.27,28.73,0,0,0,0,D0
10/27/2015,11/02/2015,68.15,31.85,0,0,0,0,D0
10/20/2015,10/26/2015,53.54,46.46,0,0,0,0,D0
10/13/2015,10/19/2015,65.61,34.39,0,0,0,0,D0
10/06/2015,10/12/2015,71.49,28.51,0,0,0,0,D0
09/29/2015,10/05/2015,71.49,28.51,0,0,0,0,D0
09/22/2015,09/28/2015,74.43,25.57,0,0,0,0,D0
09/15/2015,09/21/2015,89.49,10.51,0,0,0,0,D0
09/08/2015,09/14/2015,89.55,10.45,0,0,0,0,D0
09/01/2015,09/07/2015,97.01,2.99,0,0,0,0,D0
08/25/2015,08/31/2015,97.96,2.04,0,0,0,0,D0
08/18/2015,08/24/2015,97.96,2.04,0,0,0,0,D0
08/11/2015,08/17/2015,97.96,2.04,0,0,0,0,D0
08/04/2015,08/10/2015,97.95,2.05,0,0,0,0,D0
07/28/2015,08/03/2015,97.95,2.05,0,0,0,0,D0
07/21/2015,07/27/2015,97.96,2.04,0,0,0,0,D0
07/14/2015,07/20/2015,97.96,2.04,0,0,0,0,D0
07/07/2015,07/13/2015,74.22,25.78,0,0,0,0,D0
06/30/2015,07/06/2015,74.22,25.78,0,0,0,0,D0
06/23/2015,06/29/2015,74.22,25.78,0,0,0,0,D0
06/16/2015,06/22/2015,74.22,25.78,0,0,0,0,D0
06/09/2015,06/15/2015,60.25,39.75,2.81,0,0,0,D1
06/02/2015,06/08/2015,60.25,39.75,16.73,0,0,0,D1
05/26/2015,06/01/2015,58.23,41.77,16.96,0,0,0,D1
05/19/2015,05/25/2015,43.28,56.72,39.64,6.46,0,0,D2
05/12/2015,05/18/2015,42.49,57.51,49.14,20.25,0,0,D2
05/05/2015,05/11/2015,42.17,57.83,50.5,31.78,0,0,D2
04/28/2015,05/04/2015,41.76,58.24,50.86,35.92,0,0,D2
04/21/2015,04/27/2015,40.41,59.59,51.32,39.06,0.05,0,D3
04/14/2015,04/20/2015,25.49,74.51,51.74,39.75,0,0,D2
04/07/2015,04/13/2015,25.49,74.51,51.74,39.75,0,0,D2
03/31/2015,04/06/2015,32.22,67.78,51.74,39.75,0,0,D2
03/24/2015,03/30/2015,32.22,67.78,51.62,21.71,0,0,D2
03/17/2015,03/23/2015,36.34,63.66,51.51,12.2,0,0,D2
03/10/2015,03/16/2015,36.97,63.03,51.51,12.2,0,0,D2
03/03/2015,03/09/2015,36.97,63.03,51.46,12.2,0,0,D2
02/24/2015,03/02/2015,36.97,63.03,51.46,12.2,0,0,D2
02/17/2015,02/23/2015,36.97,63.03,51.46,12.2,0,0,D2
02/10/2015,02/16/2015,36.97,63.03,21.43,12.2,0,0,D2
02/03/2015,02/09/2015,36.97,63.03,21.43,12.26,0,0,D2
01/27/2015,02/02/2015,51.98,48.02,21.43,12.26,0,0,D2
01/20/2015,01/26/2015,69.87,30.13,21.43,12.26,0,0,D2
01/13/2015,01/19/2015,69.87,30.13,21.26,12.26,0,0,D2
01/06/2015,01/12/2015,69.87,30.13,21.26,12.26,0,0,D2
12/30/2014,01/05/2015,69.87,30.13,21.26,12.26,0,0,D2
12/23/2014,12/29/2014,69.87,30.13,21.26,12.26,0,0,D2
12/16/2014,12/22/2014,69.87,30.13,21.26,12.26,0,0,D2
12/09/2014,12/15/2014,69.87,30.13,21.26,12.26,0,0,D2
12/02/2014,12/08/2014,69.87,30.13,21.26,12.26,0,0,D2
11/25/2014,12/01/2014,69.87,30.13,21.26,12.26,0,0,D2
11/18/2014,11/24/2014,70,30,21.26,12.26,0,0,D2
11/11/2014,11/17/2014,70,30,21.26,12.26,0,0,D2
11/04/2014,11/10/2014,69.92,30.08,21.28,12.26,0,0,D2
10/28/2014,11/03/2014,69.94,30.06,21.28,12.26,0,0,D2
10/21/2014,10/27/2014,69.97,30.03,21.28,12.26,0,0,D2
10/14/2014,10/20/2014,69.97,30.03,21.28,12.26,0,0,D2
10/07/2014,10/13/2014,69.29,30.71,22.01,13.82,2.28,0,D3
09/30/2014,10/06/2014,68.96,31.04,22.94,13.82,2.31,0,D3
09/23/2014,09/29/2014,66.51,33.49,24,14.11,2.33,0,D3
09/16/2014,09/22/2014,63.98,36.02,25.12,15.56,2.67,0,D3
09/09/2014,09/15/2014,63.14,36.86,25.25,15.58,2.67,0,D3
09/02/2014,09/08/2014,63.14,36.86,25.35,15.58,2.67,0,D3
08/26/2014,09/01/2014,60.21,39.79,26.31,15.58,2.67,0,D3
08/19/2014,08/25/2014,59.9,40.1,26.79,15.58,2.67,0,D3
08/12/2014,08/18/2014,59.9,40.1,26.95,15.58,2.67,0,D3
08/05/2014,08/11/2014,59.92,40.08,26.96,15.52,2.67,0.52,D4
07/29/2014,08/04/2014,59.92,40.08,27.03,15.55,3.18,0.92,D4
07/22/2014,07/28/2014,59.92,40.08,26.66,15.55,3.74,0.92,D4
07/15/2014,07/21/2014,58.79,41.21,28.08,16.67,5.43,0.92,D4
07/08/2014,07/14/2014,54.12,45.88,29.88,17.3,7.99,1.22,D4
07/01/2014,07/07/2014,54.12,45.88,25.85,17.3,9.32,1.89,D4
06/24/2014,06/30/2014,50.84,49.16,26.49,17.3,9.32,1.89,D4
06/17/2014,06/23/2014,50.84,49.16,26.49,17.3,9.31,1.89,D4
06/10/2014,06/16/2014,50.86,49.14,25.38,16.56,9.33,1.89,D4
06/03/2014,06/09/2014,50.27,49.73,30.04,18.85,12.49,1.89,D4
05/27/2014,06/02/2014,44.71,55.29,30.04,18.86,12.49,1.93,D4
05/20/2014,05/26/2014,44.71,55.29,32.79,18.86,12.49,1.93,D4
05/13/2014,05/19/2014,44.71,55.29,32.79,18.86,12.49,1.91,D4
05/06/2014,05/12/2014,36.4,63.6,31.93,18.85,8.38,1.89,D4
04/29/2014,05/05/2014,36.4,63.6,29.64,18.77,8.38,1.89,D4
04/22/2014,04/28/2014,39.35,60.65,24.09,16.14,7.38,1.89,D4
04/15/2014,04/21/2014,38.49,61.51,24.29,16.14,6.87,1.47,D4
04/08/2014,04/14/2014,38.38,61.62,23.4,15.06,6.9,1.47,D4
04/01/2014,04/07/2014,38.38,61.62,23.4,14.93,6.9,1.47,D4
03/25/2014,03/31/2014,38.38,61.62,22.62,14.93,5.66,1.47,D4
03/18/2014,03/24/2014,38.9,61.1,21.62,13.69,5.58,1.47,D4
03/11/2014,03/17/2014,38.9,61.1,21.36,13.54,4.23,1.47,D4
03/04/2014,03/10/2014,27.67,72.33,22.33,13.54,4.23,1.47,D4
02/25/2014,03/03/2014,27.32,72.68,22.41,13.51,4.06,1.47,D4
02/18/2014,02/24/2014,25.06,74.94,22.62,13.82,4.06,1.47,D4
02/11/2014,02/17/2014,25.06,74.94,22.62,13.82,4.06,1.47,D4
02/04/2014,02/10/2014,25.06,74.94,22.62,13.82,4.06,1.47,D4
01/28/2014,02/03/2014,25.06,74.94,22.62,13.82,4.06,1.47,D4
01/21/2014,01/27/2014,31.96,68.04,22.52,13.56,4.01,1.47,D4
01/14/2014,01/20/2014,31.96,68.04,22.52,13.56,4.01,1.47,D4
01/07/2014,01/13/2014,32.04,67.96,22.33,13.56,4.01,1.47,D4
12/31/2013,01/06/2014,32.04,67.96,22.33,13.56,4.01,1.47,D4
12/24/2013,12/30/2013,32.04,67.96,22.33,13.56,4.66,1.47,D4
12/17/2013,12/23/2013,32.04,67.96,20.95,12.5,4.01,1.47,D4
12/10/2013,12/16/2013,32.04,67.96,20.95,12.02,4.01,1.47,D4
12/03/2013,12/09/2013,32.04,67.96,20.95,12.01,4.01,1.47,D4
11/26/2013,12/02/2013,32.04,67.96,20.95,12.01,4.01,1.47,D4
11/19/2013,11/25/2013,26.04,73.96,21.01,12.01,4.01,1.47,D4
11/12/2013,11/18/2013,26.04,73.96,21.01,12.01,4.01,1.47,D4
11/05/2013,11/11/2013,26.04,73.96,21.04,12.01,4.01,1.47,D4
10/29/2013,11/04/2013,24.82,75.18,26.62,12.01,4.01,1.47,D4
10/22/2013,10/28/2013,24.82,75.18,26.62,12.01,4.01,1.47,D4
10/15/2013,10/21/2013,24.72,75.28,33.43,12.01,4.01,1.47,D4
10/08/2013,10/14/2013,24.89,75.11,38.35,12.01,4.01,1.47,D4
10/01/2013,10/07/2013,24.91,75.09,37.88,12.01,4.01,1.47,D4
09/24/2013,09/30/2013,19.96,80.04,40.26,15.75,4.01,1.47,D4
09/17/2013,09/23/2013,15.79,84.21,64.59,16.99,4.01,1.47,D4
09/10/2013,09/16/2013,1.97,98.03,93.08,58.3,18.65,3.01,D4
09/03/2013,09/09/2013,1.91,98.09,93.75,59.65,21.67,3.01,D4
08/27/2013,09/02/2013,1.91,98.09,93.81,59.65,22.17,2.48,D4
08/20/2013,08/26/2013,1.53,98.47,93.81,61.74,25.07,2.9,D4
08/13/2013,08/19/2013,1.53,98.47,93.82,68.72,26.33,3.04,D4
08/06/2013,08/12/2013,0,100,93.43,71.62,27.18,8.18,D4
07/30/2013,08/05/2013,0,100,95.26,81.43,31.51,15.32,D4
07/23/2013,07/29/2013,0,100,95.49,83.12,31.17,16.72,D4
07/16/2013,07/22/2013,0,100,98.12,83.12,33.91,16.72,D4
07/09/2013,07/15/2013,0,100,100,83.12,39.2,17.54,D4
07/02/2013,07/08/2013,0,100,100,83.12,39.2,17.54,D4
06/25/2013,07/01/2013,0,100,100,79.46,39.21,17.54,D4
06/18/2013,06/24/2013,0,100,100,75.28,35.5,17.54,D4
06/11/2013,06/17/2013,0,100,93.18,72.19,26.51,15.91,D4
06/04/2013,06/10/2013,0,100,93.18,72.32,26.51,15.84,D4
05/28/2013,06/03/2013,0,100,93.18,71.71,23.85,15.84,D4
05/21/2013,05/27/2013,0,100,93.18,71.71,23.84,15.84,D4
05/14/2013,05/20/2013,0,100,93.18,71.71,24.53,15.84,D4
05/07/2013,05/13/2013,0,100,95.49,75.99,26.97,17.93,D4
04/30/2013,05/06/2013,0,100,100,78.08,26.98,17.51,D4
04/23/2013,04/29/2013,0,100,100,78.08,32.19,16.24,D4
04/16/2013,04/22/2013,0,100,100,84.78,38.37,13.63,D4
04/09/2013,04/15/2013,0,100,100,88.97,45.92,13.63,D4
04/02/2013,04/08/2013,0,100,100,88.97,45.98,13.83,D4
03/26/2013,04/01/2013,0,100,100,88.97,45.98,13.83,D4
03/19/2013,03/25/2013,0,100,100,88.97,48.06,21.22,D4
03/12/2013,03/18/2013,0,100,100,88.97,48.06,21.22,D4
03/05/2013,03/11/2013,0,100,100,88.99,48.04,21.22,D4
02/26/2013,03/04/2013,0,100,100,91.3,51.14,24.92,D4
02/19/2013,02/25/2013,0,100,100,91.3,51.14,24.92,D4
02/12/2013,02/18/2013,0,100,100,91.3,50.99,24.92,D4
02/05/2013,02/11/2013,0,100,100,100,54.29,24.92,D4
01/29/2013,02/04/2013,0,100,100,100,58.58,13.5,D4
01/22/2013,01/28/2013,0,100,100,100,58.64,13.5,D4
01/15/2013,01/21/2013,0,100,100,100,58.64,13.5,D4
01/08/2013,01/14/2013,0,100,100,95.06,53.47,13.48,D4
01/01/2013,01/07/2013,0,100,100,95.06,53.47,13.48,D4
12/25/2012,12/31/2012,0,100,100,95.06,53.47,13.48,D4
12/18/2012,12/24/2012,0,100,100,95.06,53.47,13.48,D4
12/11/2012,12/17/2012,0,100,100,95.06,53.43,13.48,D4
12/04/2012,12/10/2012,0,100,100,95.06,53.43,13.48,D4
11/27/2012,12/03/2012,0,100,100,93.27,51.05,12.56,D4
11/20/2012,11/26/2012,0,100,100,91.52,48.56,12.56,D4
11/13/2012,11/19/2012,0,100,100,91.52,48.56,12.5,D4
11/06/2012,11/12/2012,0,100,100,91.33,48.56,13.69,D4
10/30/2012,11/05/2012,0,100,100,91.33,51.05,14.01,D4
10/23/2012,10/29/2012,0,100,100,91.36,51.05,14.01,D4
10/16/2012,10/22/2012,0,100,100,91.36,51.05,14.01,D4
10/09/2012,10/15/2012,0,100,100,91.93,53.07,14.02,D4
10/02/2012,10/08/2012,0,100,100,97.91,55.48,16.4,D4
09/25/2012,10/01/2012,0,100,100,100,61.75,16.89,D4
09/18/2012,09/24/2012,0,100,100,100,61.75,16.89,D4
09/11/2012,09/17/2012,0,100,100,100,61.95,16.13,D4
09/04/2012,09/10/2012,0,100,100,100,64.08,13.76,D4
08/28/2012,09/03/2012,0,100,100,99.96,67.31,12.3,D4
08/21/2012,08/27/2012,0,100,100,99.96,68.38,9.64,D4
08/14/2012,08/20/2012,0,100,100,99.96,68.37,9.19,D4
08/07/2012,08/13/2012,0,100,100,99.96,65.46,5.67,D4
07/31/2012,08/06/2012,0,100,100,99.7,65.35,3.27,D4
07/24/2012,07/30/2012,0,100,100,99.7,73.67,2.82,D4
07/17/2012,07/23/2012,0,100,100,100,70.46,1.77,D4
07/10/2012,07/16/2012,0,100,100,99.98,70.46,5.52,D4
07/03/2012,07/09/2012,0,100,100,100,70.69,5.52,D4
06/26/2012,07/02/2012,0,100,100,97.72,45.83,0,D3
06/19/2012,06/25/2012,0,100,97.71,60.96,26.63,0,D3
06/12/2012,06/18/2012,0,100,90.92,43.07,20.24,0,D3
06/05/2012,06/11/2012,0,100,75.98,35.29,11.02,0,D3
05/29/2012,06/04/2012,0,100,75.98,34.43,9.89,0,D3
05/22/2012,05/28/2012,4.44,95.56,68.59,29.6,7.27,0,D3
05/15/2012,05/21/2012,5.15,94.85,64.57,28.49,0,0,D2
05/08/2012,05/14/2012,5.13,94.87,61.81,29.4,0,0,D2
05/01/2012,05/07/2012,5.17,94.83,61.66,29.4,0,0,D2
04/24/2012,04/30/2012,5.17,94.83,61.82,26,0,0,D2
04/17/2012,04/23/2012,5.17,94.83,59.85,25.93,0,0,D2
04/10/2012,04/16/2012,5.17,94.83,55.94,17.09,0,0,D2
04/03/2012,04/09/2012,0,100,55.48,18.5,0.15,0,D3
03/27/2012,04/02/2012,2.25,97.75,50.97,9.26,0.15,0,D3
03/20/2012,03/26/2012,28.97,71.03,42.6,8.37,0.21,0,D3
03/13/2012,03/19/2012,28.97,71.03,42.6,8.3,0.21,0,D3
03/06/2012,03/12/2012,29.81,70.19,41.22,8.41,0.21,0,D3
02/28/2012,03/05/2012,30.48,69.52,40.94,8.41,0.21,0,D3
02/21/2012,02/27/2012,30.48,69.52,41.16,10.67,0.21,0,D3
02/14/2012,02/20/2012,30.48,69.52,41.07,10.67,0.21,0,D3
02/07/2012,02/13/2012,30.48,69.52,41.07,10.6,0.21,0,D3
01/31/2012,02/06/2012,29.16,70.84,41.13,10.6,0.2,0,D3
01/24/2012,01/30/2012,29.16,70.84,41.13,10.6,0.2,0,D3
01/17/2012,01/23/2012,39.42,60.58,24.98,10.6,0.2,0,D3
01/10/2012,01/16/2012,58.24,41.76,24.98,10.6,0.04,0,D3
01/03/2012,01/09/2012,65.37,34.63,24.98,10.6,0.04,0,D3
12/27/2011,01/02/2012,67.79,32.21,24.98,14.94,0.04,0,D3
12/20/2011,12/26/2011,67.79,32.21,24.98,14.94,0.04,0,D3
12/13/2011,12/19/2011,67.79,32.21,24.98,14.94,1.33,0.16,D4
12/06/2011,12/12/2011,66.7,33.3,25.71,17.3,1.33,0.16,D4
11/29/2011,12/05/2011,65.96,34.04,26.04,17.43,1.65,0.39,D4
11/22/2011,11/28/2011,65.67,34.33,26.27,17.48,1.85,0.63,D4
11/15/2011,11/21/2011,65.67,34.33,26.27,17.48,1.85,0.63,D4
11/08/2011,11/14/2011,65.98,34.02,26.18,17.44,1.85,0.59,D4
11/01/2011,11/07/2011,64.45,35.55,27.52,19.88,3.11,0.57,D4
10/25/2011,10/31/2011,64.3,35.7,27.41,19.99,6.46,0.57,D4
10/18/2011,10/24/2011,64.3,35.7,27.41,19.99,6.46,0.57,D4
10/11/2011,10/17/2011,62.59,37.41,27.42,19.99,6.46,0.57,D4
10/04/2011,10/10/2011,60.65,39.35,27.69,19.99,7.89,0.57,D4
09/27/2011,10/03/2011,60.62,39.38,27.69,19.99,7.88,0.56,D4
09/20/2011,09/26/2011,60.62,39.38,27.69,19.99,7.88,0.56,D4
09/13/2011,09/19/2011,47.15,52.85,29.54,22.93,8.63,0.56,D4
09/06/2011,09/12/2011,51,49,29.1,22.93,8.7,1.51,D4
08/30/2011,09/05/2011,50.45,49.55,29.07,23.16,8.7,1.51,D4
08/23/2011,08/29/2011,56.44,43.56,28.66,23.06,11.94,1.19,D4
08/16/2011,08/22/2011,61.06,38.94,30.11,24.84,18.43,1.23,D4
08/09/2011,08/15/2011,61.06,38.94,30.11,24.84,18.37,1.45,D4
08/02/2011,08/08/2011,57.9,42.1,31.98,26.31,18.74,2.17,D4
07/26/2011,08/01/2011,55.8,44.2,32.29,26.55,18.53,2.17,D4
07/19/2011,07/25/2011,55.8,44.2,32.29,27.21,17.81,2.23,D4
07/12/2011,07/18/2011,54.57,45.43,32.64,27.21,16.88,2.22,D4
07/05/2011,07/11/2011,49.31,50.69,34.84,29.02,16.64,1.57,D4
06/28/2011,07/04/2011,49.91,50.09,34.36,28.89,16.64,0.91,D4
06/21/2011,06/27/2011,59.62,40.38,31.54,25.86,11.95,0.91,D4
06/14/2011,06/20/2011,58.84,41.16,31.89,26.5,13.01,0.91,D4
06/07/2011,06/13/2011,59.67,40.33,31.89,25.19,9.62,0.91,D4
05/31/2011,06/06/2011,59.67,40.33,31.89,25.19,7.78,0.91,D4
05/24/2011,05/30/2011,52.49,47.51,36.32,26.22,7.55,0.88,D4
05/17/2011,05/23/2011,42.6,57.4,45.12,31.1,7.53,0.34,D4
05/10/2011,05/16/2011,39.59,60.41,52.58,40.72,3.25,0,D3
05/03/2011,05/09/2011,39.57,60.43,52.55,40.72,3.24,0,D3
04/26/2011,05/02/2011,39.57,60.43,52.55,40.61,3.03,0,D3
04/19/2011,04/25/2011,39.57,60.43,54.13,42.86,1.12,0,D3
04/12/2011,04/18/2011,39.57,60.43,54.13,40.88,0,0,D2
04/05/2011,04/11/2011,40.11,59.89,54.2,41.58,0,0,D2
03/29/2011,04/04/2011,40.99,59.01,53.08,39.67,0,0,D2
03/22/2011,03/28/2011,40.99,59.01,52.02,39.6,0,0,D2
03/15/2011,03/21/2011,41.65,58.35,51.5,35.33,0,0,D2
03/08/2011,03/14/2011,41.65,58.35,52.08,35.24,0,0,D2
03/01/2011,03/07/2011,41.65,58.35,52.14,35.24,0,0,D2
02/22/2011,02/28/2011,41.65,58.35,50.64,8.93,0,0,D2
02/15/2011,02/21/2011,41.65,58.35,49.57,8.93,0,0,D2
02/08/2011,02/14/2011,41.65,58.35,49.57,10.13,0,0,D2
02/01/2011,02/07/2011,41.65,58.35,49.57,10.13,0,0,D2
01/25/2011,01/31/2011,41.65,58.35,49.57,10.13,0,0,D2
01/18/2011,01/24/2011,41.65,58.35,49.57,10.13,0,0,D2
01/11/2011,01/17/2011,41.48,58.52,49.57,10.13,0,0,D2
01/04/2011,01/10/2011,41.48,58.52,49.57,10.13,0,0,D2
12/28/2010,01/03/2011,40.4,59.6,49.57,10.13,0,0,D2
12/21/2010,12/27/2010,37.45,62.55,48.28,10.13,0,0,D2
12/14/2010,12/20/2010,35.2,64.8,48.8,10.07,0,0,D2
12/07/2010,12/13/2010,41.1,58.9,38.73,9.95,0,0,D2
11/30/2010,12/06/2010,39.79,60.21,38.73,9.95,0,0,D2
11/23/2010,11/29/2010,40.03,59.97,38.63,0,0,0,D1
11/16/2010,11/22/2010,30.29,69.71,38.67,0,0,0,D1
11/09/2010,11/15/2010,25.08,74.92,38.69,0,0,0,D1
11/02/2010,11/08/2010,30.27,69.73,27.85,0,0,0,D1
10/26/2010,11/01/2010,30.27,69.73,27.85,0,0,0,D1
10/19/2010,10/25/2010,28.31,71.69,17.85,0,0,0,D1
10/12/2010,10/18/2010,28.31,71.69,13.78,0,0,0,D1
10/05/2010,10/11/2010,28.86,71.14,13.78,0,0,0,D1
09/28/2010,10/04/2010,28.86,71.14,10.7,0,0,0,D1
09/21/2010,09/27/2010,46.23,53.77,0,0,0,0,D0
09/14/2010,09/20/2010,65.39,34.61,0,0,0,0,D0
09/07/2010,09/13/2010,73.83,26.17,0,0,0,0,D0
08/31/2010,09/06/2010,87.07,12.93,0,0,0,0,D0
08/24/2010,08/30/2010,87.07,12.93,0,0,0,0,D0
08/17/2010,08/23/2010,87.07,12.93,0,0,0,0,D0
08/10/2010,08/16/2010,83.63,16.37,0,0,0,0,D0
08/03/2010,08/09/2010,82.95,17.05,0,0,0,0,D0
07/27/2010,08/02/2010,78.84,21.16,0,0,0,0,D0
07/20/2010,07/26/2010,77.25,22.75,0,0,0,0,D0
07/13/2010,07/19/2010,77.8,22.2,0,0,0,0,D0
07/06/2010,07/12/2010,77.8,22.2,0,0,0,0,D0
06/29/2010,07/05/2010,77.76,22.24,0,0,0,0,D0
06/22/2010,06/28/2010,79.25,20.75,0,0,0,0,D0
06/15/2010,06/21/2010,84.38,15.62,0,0,0,0,D0
06/08/2010,06/14/2010,81.04,18.96,0.25,0,0,0,D1
06/01/2010,06/07/2010,83.28,16.72,0.23,0,0,0,D1
05/25/2010,05/31/2010,83.28,16.72,0.23,0,0,0,D1
05/18/2010,05/24/2010,82.75,17.25,1.93,0,0,0,D1
05/11/2010,05/17/2010,82.81,17.19,2.25,0,0,0,D1
05/04/2010,05/10/2010,82.75,17.25,2.25,0,0,0,D1
04/27/2010,05/03/2010,82.75,17.25,2.25,0,0,0,D1
04/20/2010,04/26/2010,82.75,17.25,2.25,0,0,0,D1
04/13/2010,04/19/2010,82.5,17.5,2.26,0,0,0,D1
04/06/2010,04/12/2010,81.63,18.37,2.9,0,0,0,D1
03/30/2010,04/05/2010,81.63,18.37,3.16,0,0,0,D1
03/23/2010,03/29/2010,79.15,20.85,3.86,0,0,0,D1
03/16/2010,03/22/2010,78.8,21.2,3.86,0,0,0,D1
03/09/2010,03/15/2010,79.46,20.54,0.24,0,0,0,D1
03/02/2010,03/08/2010,76.79,23.21,0.24,0,0,0,D1
02/23/2010,03/01/2010,76.79,23.21,0.24,0,0,0,D1
02/16/2010,02/22/2010,68.21,31.79,0,0,0,0,D0
02/09/2010,02/15/2010,68.18,31.82,0,0,0,0,D0
02/02/2010,02/08/2010,68.18,31.82,0.09,0,0,0,D1
01/26/2010,02/01/2010,67.38,32.62,0.39,0,0,0,D1
01/19/2010,01/25/2010,64.23,35.77,7.99,0.37,0,0,D2
01/12/2010,01/18/2010,64.23,35.77,7.99,0.37,0,0,D2
01/05/2010,01/11/2010,69.22,30.78,7.52,0,0,0,D1
12/29/2009,01/04/2010,69.22,30.78,7.52,0,0,0,D1
12/22/2009,12/28/2009,69.22,30.78,7.52,0,0,0,D1
12/15/2009,12/21/2009,69.22,30.78,7.52,0,0,0,D1
12/08/2009,12/14/2009,71.01,28.99,7.52,0,0,0,D1
12/01/2009,12/07/2009,70.99,29.01,7.52,0,0,0,D1
11/24/2009,11/30/2009,70.99,29.01,7.52,0,0,0,D1
11/17/2009,11/23/2009,74.87,25.13,6.75,0,0,0,D1
11/10/2009,11/16/2009,74.87,25.13,6.75,0,0,0,D1
11/03/2009,11/09/2009,75.19,24.81,6.81,0,0,0,D1
10/27/2009,11/02/2009,75.19,24.81,6.81,0,0,0,D1
10/20/2009,10/26/2009,68.85,31.15,6.81,1.5,0,0,D2
10/13/2009,10/19/2009,68.85,31.15,6.81,1.5,0,0,D2
10/06/2009,10/12/2009,68.85,31.15,3.49,0,0,0,D1
09/29/2009,10/05/2009,68.85,31.15,3.49,0,0,0,D1
09/22/2009,09/28/2009,68.85,31.15,2.07,0,0,0,D1
09/15/2009,09/21/2009,54.19,45.81,0.1,0,0,0,D1
09/08/2009,09/14/2009,54.05,45.95,0.34,0,0,0,D1
09/01/2009,09/07/2009,75.14,24.86,0,0,0,0,D0
08/25/2009,08/31/2009,79.93,20.07,0,0,0,0,D0
08/18/2009,08/24/2009,93.13,6.87,0,0,0,0,D0
08/11/2009,08/17/2009,93.13,6.87,0,0,0,0,D0
08/04/2009,08/10/2009,99.72,0.28,0,0,0,0,D0
07/28/2009,08/03/2009,99.72,0.28,0,0,0,0,D0
07/21/2009,07/27/2009,91.28,8.72,0,0,0,0,D0
07/14/2009,07/20/2009,91.28,8.72,0,0,0,0,D0
07/07/2009,07/13/2009,92.67,7.33,0,0,0,0,D0
06/30/2009,07/06/2009,86.61,13.39,0,0,0,0,D0
06/23/2009,06/29/2009,86.61,13.39,0,0,0,0,D0
06/16/2009,06/22/2009,86.05,13.95,0,0,0,0,D0
06/09/2009,06/15/2009,86.08,13.92,0,0,0,0,D0
06/02/2009,06/08/2009,86.08,13.92,0,0,0,0,D0
05/26/2009,06/01/2009,86.15,13.85,0,0,0,0,D0
05/19/2009,05/25/2009,56.12,43.88,6.47,0,0,0,D1
05/12/2009,05/18/2009,56.27,43.73,6.47,0,0,0,D1
05/05/2009,05/11/2009,55.82,44.18,6.47,0,0,0,D1
04/28/2009,05/04/2009,55.81,44.19,6.47,0,0,0,D1
04/21/2009,04/27/2009,55.81,44.19,6.47,0,0,0,D1
04/14/2009,04/20/2009,33.6,66.4,12.79,0,0,0,D1
04/07/2009,04/13/2009,36.81,63.19,12.79,0,0,0,D1
03/31/2009,04/06/2009,29.74,70.26,21.09,0.09,0,0,D2
03/24/2009,03/30/2009,29.74,70.26,24.71,0.07,0,0,D2
03/17/2009,03/23/2009,36.37,63.63,21.02,0,0,0,D1
03/10/2009,03/16/2009,36.37,63.63,15.19,0,0,0,D1
03/03/2009,03/09/2009,36.37,63.63,15.19,0,0,0,D1
02/24/2009,03/02/2009,36.83,63.17,6.19,0,0,0,D1
02/17/2009,02/23/2009,36.83,63.17,6.15,0,0,0,D1
02/10/2009,02/16/2009,36.83,63.17,6.15,0,0,0,D1
02/03/2009,02/09/2009,34.69,65.31,6.15,0,0,0,D1
01/27/2009,02/02/2009,34.6,65.4,6.15,0,0,0,D1
01/20/2009,01/26/2009,34.43,65.57,6.08,0,0,0,D1
01/13/2009,01/19/2009,34.43,65.57,6.08,0,0,0,D1
01/06/2009,01/12/2009,26.6,73.4,5.91,0,0,0,D1
12/30/2008,01/05/2009,23,77,5.91,0,0,0,D1
12/23/2008,12/29/2008,9.26,90.74,9.87,0,0,0,D1
12/16/2008,12/22/2008,9.26,90.74,9.87,0,0,0,D1
12/09/2008,12/15/2008,9.26,90.74,9.87,0,0,0,D1
12/02/2008,12/08/2008,9.26,90.74,9.87,0,0,0,D1
11/25/2008,12/01/2008,22.53,77.47,5.91,0,0,0,D1
11/18/2008,11/24/2008,22.53,77.47,5.91,0,0,0,D1
11/11/2008,11/17/2008,43.25,56.75,5.91,0,0,0,D1
11/04/2008,11/10/2008,43.19,56.81,6.05,0,0,0,D1
10/28/2008,11/03/2008,43.19,56.81,6.05,0,0,0,D1
10/21/2008,10/27/2008,43.14,56.86,6.13,0,0,0,D1
10/14/2008,10/20/2008,43.26,56.74,6.12,0,0,0,D1
10/07/2008,10/13/2008,43.04,56.96,12.69,3.36,0,0,D2
09/30/2008,10/06/2008,43.04,56.96,12.69,3.36,0,0,D2
09/23/2008,09/29/2008,43.04,56.96,12.69,3.36,0,0,D2
09/16/2008,09/22/2008,43.04,56.96,12.69,2.75,0,0,D2
09/09/2008,09/15/2008,42.09,57.91,17.9,3.68,0,0,D2
09/02/2008,09/08/2008,42.09,57.91,17.9,3.68,0,0,D2
08/26/2008,09/01/2008,42.09,57.91,17.9,3.68,0,0,D2
08/19/2008,08/25/2008,42.09,57.91,17.9,3.68,0,0,D2
08/12/2008,08/18/2008,32.92,67.08,38.93,10.87,3.29,0,D3
08/05/2008,08/11/2008,30.65,69.35,44.4,14.72,4.3,0.65,D4
07/29/2008,08/04/2008,47.11,52.89,35.95,11.59,4.3,0.65,D4
07/22/2008,07/28/2008,47.11,52.89,34.21,11.59,4.3,0.65,D4
07/15/2008,07/21/2008,47.35,52.65,27.54,10.74,2.47,0.74,D4
07/08/2008,07/14/2008,47.35,52.65,17.36,7.6,2.47,0.77,D4
07/01/2008,07/07/2008,47.35,52.65,21.78,7.6,2.47,0.22,D4
06/24/2008,06/30/2008,47.35,52.65,21.78,7.6,2.47,0.22,D4
06/17/2008,06/23/2008,47.35,52.65,21.78,7.6,2.47,0.22,D4
06/10/2008,06/16/2008,62.26,37.74,12.88,3.68,1.38,0,D3
06/03/2008,06/09/2008,64.69,35.31,12.76,2.19,0.44,0,D3
05/27/2008,06/02/2008,64.69,35.31,12.76,2.19,0.44,0,D3
05/20/2008,05/26/2008,63.58,36.42,18.78,2.54,0.48,0,D3
05/13/2008,05/19/2008,63.58,36.42,16.54,0,0,0,D1
05/06/2008,05/12/2008,63.58,36.42,16.54,0,0,0,D1
04/29/2008,05/05/2008,60.57,39.43,16.62,0.14,0,0,D2
04/22/2008,04/28/2008,60.67,39.33,16.62,0,0,0,D1
04/15/2008,04/21/2008,60.67,39.33,16.62,0,0,0,D1
04/08/2008,04/14/2008,61.48,38.52,16.98,0,0,0,D1
04/01/2008,04/07/2008,61.21,38.79,6.35,0,0,0,D1
03/25/2008,03/31/2008,61.21,38.79,6.35,0,0,0,D1
03/18/2008,03/24/2008,61.21,38.79,6.35,0,0,0,D1
03/11/2008,03/17/2008,61.21,38.79,6.06,0,0,0,D1
03/04/2008,03/10/2008,61.21,38.79,3.78,0,0,0,D1
02/26/2008,03/03/2008,59.36,40.64,3.79,0,0,0,D1
02/19/2008,02/25/2008,59.36,40.64,3.79,0,0,0,D1
02/12/2008,02/18/2008,59.36,40.64,3.79,0,0,0,D1
02/05/2008,02/11/2008,59.36,40.64,4.14,0,0,0,D1
01/29/2008,02/04/2008,59.36,40.64,4.14,0,0,0,D1
01/22/2008,01/28/2008,59.36,40.64,4.14,0,0,0,D1
01/15/2008,01/21/2008,59.36,40.64,4.15,0,0,0,D1
01/08/2008,01/14/2008,59.36,40.64,2,0,0,0,D1
01/01/2008,01/07/2008,59.33,40.67,2.03,0,0,0,D1
12/25/2007,12/31/2007,59.33,40.67,2.03,0,0,0,D1
12/18/2007,12/24/2007,59.33,40.67,2.03,0,0,0,D1
12/11/2007,12/17/2007,54.31,45.69,2.01,0,0,0,D1
12/04/2007,12/10/2007,50.41,49.59,2.01,0,0,0,D1
11/27/2007,12/03/2007,65.96,34.04,1.83,0,0,0,D1
11/20/2007,11/26/2007,65.96,34.04,1.41,0,0,0,D1
11/13/2007,11/19/2007,65.96,34.04,1.41,0,0,0,D1
11/06/2007,11/12/2007,80.49,19.51,1.41,0,0,0,D1
10/30/2007,11/05/2007,80.49,19.51,0.45,0,0,0,D1
10/23/2007,10/29/2007,80.49,19.51,0.45,0,0,0,D1
10/16/2007,10/22/2007,80.49,19.51,0.45,0,0,0,D1
10/09/2007,10/15/2007,80.39,19.61,0.45,0,0,0,D1
10/02/2007,10/08/2007,80.39,19.61,0.45,0,0,0,D1
09/25/2007,10/01/2007,60.36,39.64,2.02,0.14,0,0,D2
09/18/2007,09/24/2007,54.99,45.01,9.6,0.31,0,0,D2
09/11/2007,09/17/2007,54.9,45.1,9.6,0.31,0,0,D2
09/04/2007,09/10/2007,58.33,41.67,9.6,0.31,0,0,D2
08/28/2007,09/03/2007,58.33,41.67,9.6,0.61,0,0,D2
08/21/2007,08/27/2007,54.93,45.07,9.85,0.61,0,0,D2
08/14/2007,08/20/2007,58.33,41.67,16.01,0.61,0,0,D2
08/07/2007,08/13/2007,58.1,41.9,16.01,0.61,0,0,D2
07/31/2007,08/06/2007,52.25,47.75,21,2.29,0,0,D2
07/24/2007,07/30/2007,52.19,47.81,20.54,2.29,0,0,D2
07/17/2007,07/23/2007,56.04,43.96,17.72,2.05,0,0,D2
07/10/2007,07/16/2007,57.72,42.28,17.72,2.05,0,0,D2
07/03/2007,07/09/2007,63.34,36.66,17.72,2.05,0,0,D2
06/26/2007,07/02/2007,67.99,32.01,17.72,2.05,0,0,D2
06/19/2007,06/25/2007,67.69,32.31,17.72,2.05,0,0,D2
06/12/2007,06/18/2007,68.08,31.92,17.72,2.05,0,0,D2
06/05/2007,06/11/2007,67.76,32.24,17.73,2.05,0,0,D2
05/29/2007,06/04/2007,67.76,32.24,17.73,2.05,0,0,D2
05/22/2007,05/28/2007,67.76,32.24,18.33,2.05,0,0,D2
05/15/2007,05/21/2007,67.76,32.24,18.33,2.05,0,0,D2
05/08/2007,05/14/2007,67.76,32.24,18.33,1.49,0,0,D2
05/01/2007,05/07/2007,63.85,36.15,18.33,1.49,0,0,D2
04/24/2007,04/30/2007,58.17,41.83,21.05,1.49,0,0,D2
04/17/2007,04/23/2007,57.4,42.6,22.57,1.62,0,0,D2
04/10/2007,04/16/2007,54.84,45.16,22.31,1.04,0,0,D2
04/03/2007,04/09/2007,54.48,45.52,22.31,1.08,0,0,D2
03/27/2007,04/02/2007,55.19,44.81,23.28,1.47,0,0,D2
03/20/2007,03/26/2007,55.88,44.12,7.52,0.44,0,0,D2
03/13/2007,03/19/2007,77.35,22.65,7.25,0.44,0,0,D2
03/06/2007,03/12/2007,77.35,22.65,7.25,0.44,0,0,D2
02/27/2007,03/05/2007,77.35,22.65,6.49,0.44,0,0,D2
02/20/2007,02/26/2007,74.88,25.12,11.82,2.3,0.01,0,D3
02/13/2007,02/19/2007,74.88,25.12,11.82,2.3,0.01,0,D3
02/06/2007,02/12/2007,73.7,26.3,12.3,2.3,0.01,0,D3
01/30/2007,02/05/2007,73.83,26.17,12.3,2.3,0.01,0,D3
01/23/2007,01/29/2007,73.83,26.17,12.29,2.3,0.01,0,D3
01/16/2007,01/22/2007,73.98,26.02,12.29,2.3,0.01,0,D3
01/09/2007,01/15/2007,59.22,40.78,12.29,2.3,0.01,0,D3
01/02/2007,01/08/2007,59.47,40.53,15.75,2.18,0.01,0,D3
12/26/2006,01/01/2007,54.29,45.71,15.67,2.18,0.01,0,D3
12/19/2006,12/25/2006,46.2,53.8,21.67,7.06,0.01,0,D3
12/12/2006,12/18/2006,46.17,53.83,21.67,7.06,0.01,0,D3
12/05/2006,12/11/2006,43.31,56.69,24.51,7.06,0.01,0,D3
11/28/2006,12/04/2006,44.77,55.23,22.51,7.26,0.04,0,D3
11/21/2006,11/27/2006,46.67,53.33,21.64,6.88,0.04,0,D3
11/14/2006,11/20/2006,46.41,53.59,21.64,6.88,0.04,0,D3
11/07/2006,11/13/2006,46.41,53.59,21.64,6.88,0.04,0,D3
10/31/2006,11/06/2006,41.95,58.05,25.37,6.88,0.04,0,D3
10/24/2006,10/30/2006,26.34,73.66,31.12,8.64,0.04,0,D3
10/17/2006,10/23/2006,26.34,73.66,31.12,8.64,0.04,0,D3
10/10/2006,10/16/2006,26.34,73.66,31.12,8.64,0.03,0,D3
10/03/2006,10/09/2006,0,100,36.54,8.64,0.03,0,D3
09/26/2006,10/02/2006,0,100,36.54,8.64,0.03,0,D3
09/19/2006,09/25/2006,0,100,61.55,8.01,0.03,0,D3
09/12/2006,09/18/2006,0,100,70.31,16.62,4.12,0,D3
09/05/2006,09/11/2006,0,100,79.86,29.88,4.12,0,D3
08/29/2006,09/04/2006,0,100,79.86,29.88,4.12,0,D3
08/22/2006,08/28/2006,0,100,82.06,29.88,4.12,0,D3
08/15/2006,08/21/2006,0,100,85.21,29.88,4.16,0,D3
08/08/2006,08/14/2006,0,100,87.01,40.23,4.16,0,D3
08/01/2006,08/07/2006,0,100,91.98,37.09,6.98,0,D3
07/25/2006,07/31/2006,0,100,91.98,38.87,7,0,D3
07/18/2006,07/24/2006,0,100,91.98,38.88,7,0,D3
07/11/2006,07/17/2006,0,100,91.95,25.55,4.68,0,D3
07/04/2006,07/10/2006,0,100,93.41,62.61,16.92,0,D3
06/27/2006,07/03/2006,0,100,93.36,62.47,23.77,0,D3
06/20/2006,06/26/2006,0,100,76.72,62.47,23.62,0,D3
06/13/2006,06/19/2006,0,100,76.72,62.47,23.62,0,D3
06/06/2006,06/12/2006,0,100,72.84,60.82,11.44,0,D3
05/30/2006,06/05/2006,0,100,65.39,43.08,9.24,0,D3
05/23/2006,05/29/2006,21.61,78.39,59.87,32.41,6.15,0,D3
05/16/2006,05/22/2006,24.54,75.46,54.88,30.6,1.57,0,D3
05/09/2006,05/15/2006,24.54,75.46,54.88,23.57,0.52,0,D3
05/02/2006,05/08/2006,24.54,75.46,55.31,23.57,0.51,0,D3
04/25/2006,05/01/2006,25.98,74.02,56.53,22.43,0.04,0,D3
04/18/2006,04/24/2006,26.69,73.31,48.6,15.23,0.02,0,D3
04/11/2006,04/17/2006,27.02,72.98,48.6,6.62,0.02,0,D3
04/04/2006,04/10/2006,28.93,71.07,49.72,6.62,0,0,D2
03/28/2006,04/03/2006,29.45,70.55,32.18,6.62,0,0,D2
03/21/2006,03/27/2006,38.41,61.59,26.93,6.62,0,0,D2
03/14/2006,03/20/2006,38.41,61.59,27.2,6.62,0,0,D2
03/07/2006,03/13/2006,29.5,70.5,26.44,0.62,0,0,D2
02/28/2006,03/06/2006,29.33,70.67,24.93,0.08,0,0,D2
02/21/2006,02/27/2006,29.33,70.67,25.73,0,0,0,D1
02/14/2006,02/20/2006,29.26,70.74,25.19,0,0,0,D1
02/07/2006,02/13/2006,29.26,70.74,25.08,0,0,0,D1
01/31/2006,02/06/2006,29.26,70.74,25.4,0,0,0,D1
01/24/2006,01/30/2006,53.53,46.47,23.55,0,0,0,D1
01/17/2006,01/23/2006,54.78,45.22,23.55,0,0,0,D1
01/10/2006,01/16/2006,56.11,43.89,5.57,0,0,0,D1
01/03/2006,01/09/2006,59.12,40.88,3.45,0,0,0,D1
12/27/2005,01/02/2006,69.58,30.42,5.81,0,0,0,D1
12/20/2005,12/26/2005,69.58,30.42,5.81,0,0,0,D1
12/13/2005,12/19/2005,69.58,30.42,5.81,0,0,0,D1
12/06/2005,12/12/2005,69.58,30.42,5.81,0,0,0,D1
11/29/2005,12/05/2005,69.58,30.42,5.81,0,0,0,D1
11/22/2005,11/28/2005,69.9,30.1,5.81,0,0,0,D1
11/15/2005,11/21/2005,69.9,30.1,5.81,0,0,0,D1
11/08/2005,11/14/2005,69.9,30.1,5.81,0,0,0,D1
11/01/2005,11/07/2005,69.9,30.1,5.81,0,0,0,D1
10/25/2005,10/31/2005,69.9,30.1,5.81,0,0,0,D1
10/18/2005,10/24/2005,71.1,28.9,5.81,0,0,0,D1
10/11/2005,10/17/2005,71.07,28.93,5.81,0,0,0,D1
10/04/2005,10/10/2005,44.37,55.63,7.3,1.03,0,0,D2
09/27/2005,10/03/2005,50.85,49.15,7.89,1.03,0,0,D2
09/20/2005,09/26/2005,50.96,49.04,8.17,1.03,0,0,D2
09/13/2005,09/19/2005,51.21,48.79,8.06,1.03,0,0,D2
09/06/2005,09/12/2005,51.21,48.79,8.06,1.03,0,0,D2
08/30/2005,09/05/2005,51.12,48.88,8.06,1.03,0,0,D2
08/23/2005,08/29/2005,54.12,45.88,8.06,1.03,0,0,D2
08/16/2005,08/22/2005,51.06,48.94,8.06,1.03,0,0,D2
08/09/2005,08/15/2005,30.58,69.42,7.74,1.17,0,0,D2
08/02/2005,08/08/2005,27.54,72.46,7.74,1.17,0,0,D2
07/26/2005,08/01/2005,28.21,71.79,7.74,1.17,0,0,D2
07/19/2005,07/25/2005,75.88,24.12,7.74,1.17,0,0,D2
07/12/2005,07/18/2005,75.92,24.08,7.74,1.17,0,0,D2
07/05/2005,07/11/2005,77.08,22.92,7.74,1.17,0,0,D2
06/28/2005,07/04/2005,77.08,22.92,9.45,1.17,0,0,D2
06/21/2005,06/27/2005,76.46,23.54,11.23,1.17,0,0,D2
06/14/2005,06/20/2005,75.96,24.04,11.23,1.17,0,0,D2
06/07/2005,06/13/2005,63.99,36.01,11.23,1.17,0,0,D2
05/31/2005,06/06/2005,63.99,36.01,11.23,1.29,0,0,D2
05/24/2005,05/30/2005,63.99,36.01,11.23,1.29,0,0,D2
05/17/2005,05/23/2005,69.82,30.18,11.23,1.29,0,0,D2
05/10/2005,05/16/2005,69.22,30.78,11.54,1.28,0,0,D2
05/03/2005,05/09/2005,62.66,37.34,12.49,1.28,0,0,D2
04/26/2005,05/02/2005,57.19,42.81,14.21,2.71,0,0,D2
04/19/2005,04/25/2005,48.99,51.01,14.76,2.71,0,0,D2
04/12/2005,04/18/2005,48.99,51.01,14.77,2.71,0,0,D2
04/05/2005,04/11/2005,35.02,64.98,17.68,2.93,0,0,D2
03/29/2005,04/04/2005,22.45,77.55,18.95,3.42,0,0,D2
03/22/2005,03/28/2005,22.96,77.04,20.78,7,0,0,D2
03/15/2005,03/21/2005,22.96,77.04,20.78,7,0,0,D2
03/08/2005,03/14/2005,22.96,77.04,20.78,7,0,0,D2
03/01/2005,03/07/2005,22.96,77.04,20.78,7,0,0,D2
02/22/2005,02/28/2005,22.96,77.04,20.85,7,0,0,D2
02/15/2005,02/21/2005,25.34,74.66,20.85,7,0,0,D2
02/08/2005,02/14/2005,25.34,74.66,21.97,7,0,0,D2
02/01/2005,02/07/2005,23.98,76.02,27.73,8.71,0,0,D2
01/25/2005,01/31/2005,23.98,76.02,27.73,8.71,0,0,D2
01/18/2005,01/24/2005,23.97,76.03,27.73,8.71,0,0,D2
01/11/2005,01/17/2005,23.97,76.03,36.02,8.71,0,0,D2
01/04/2005,01/10/2005,23.97,76.03,39.31,8.37,0,0,D2
12/28/2004,01/03/2005,23.97,76.03,39.31,8.37,0,0,D2
12/21/2004,12/27/2004,23.97,76.03,39.31,8.37,0,0,D2
12/14/2004,12/20/2004,23.97,76.03,39.31,8.36,0,0,D2
12/07/2004,12/13/2004,23.97,76.03,39.6,8.44,0,0,D2
11/30/2004,12/06/2004,23.97,76.03,39.31,8.44,0,0,D2
11/23/2004,11/29/2004,22.61,77.39,51.34,13.6,4.94,0,D3
11/16/2004,11/22/2004,22.61,77.39,51.34,13.6,4.94,0,D3
11/09/2004,11/15/2004,22.61,77.39,51.34,14.48,4.94,0,D3
11/02/2004,11/08/2004,22.61,77.39,52.33,15.3,5.34,0,D3
10/26/2004,11/01/2004,22.72,77.28,52.33,16.39,5.41,0,D3
10/19/2004,10/25/2004,22.72,77.28,52.33,15.56,5.21,0,D3
10/12/2004,10/18/2004,21.52,78.48,53.76,15.84,5.21,0,D3
10/05/2004,10/11/2004,21.34,78.66,53.79,15.79,5.21,0,D3
09/28/2004,10/04/2004,20.52,79.48,54.39,15.85,5.21,0,D3
09/21/2004,09/27/2004,15.83,84.17,55.11,15.86,5.21,0,D3
09/14/2004,09/20/2004,15.82,84.18,56.75,15.86,5.21,0,D3
09/07/2004,09/13/2004,17.57,82.43,56.75,15.86,5.21,0,D3
08/31/2004,09/06/2004,17.62,82.38,56.75,17.39,6.89,0,D3
08/24/2004,08/30/2004,15.73,84.27,60.79,18,6.89,0,D3
08/17/2004,08/23/2004,3.1,96.9,65.26,18.9,6.89,0,D3
08/10/2004,08/16/2004,3.1,96.9,67.38,19.69,1.44,0,D3
08/03/2004,08/09/2004,0.33,99.67,78.4,28.57,1.44,0,D3
07/27/2004,08/02/2004,0.44,99.56,72.9,26.04,1.44,0,D3
07/20/2004,07/26/2004,0,100,81.91,43.53,1.38,0,D3
07/13/2004,07/19/2004,0,100,81.47,43.53,1.38,0,D3
07/06/2004,07/12/2004,0,100,80.62,43.46,1.38,0,D3
06/29/2004,07/05/2004,0,100,80.63,43.98,1.39,0,D3
06/22/2004,06/28/2004,0,100,94.92,54.35,1.5,0,D3
06/15/2004,06/21/2004,0,100,94.92,56.1,14.43,0,D3
06/08/2004,06/14/2004,0,100,94.79,56.05,14.3,0,D3
06/01/2004,06/07/2004,0,100,95.07,53.44,14.17,0,D3
05/25/2004,05/31/2004,0,100,93.75,53.93,14.17,0,D3
05/18/2004,05/24/2004,0,100,93.75,47.09,11.64,0,D3
05/11/2004,05/17/2004,0,100,93.75,47.09,11.64,0,D3
05/04/2004,05/10/2004,0,100,93.75,47.09,11.64,0,D3
04/27/2004,05/03/2004,0,100,93.75,47.09,14.44,0,D3
04/20/2004,04/26/2004,0,100,92.31,57.3,24.46,0,D3
04/13/2004,04/19/2004,0,100,92.31,57.3,24.46,0,D3
04/06/2004,04/12/2004,0,100,91.89,58.06,25.48,0,D3
03/30/2004,04/05/2004,0,100,94.61,61.13,26.39,0,D3
03/23/2004,03/29/2004,0,100,94.61,59.09,26.39,0,D3
03/16/2004,03/22/2004,0,100,75.66,56.31,26.09,0,D3
03/09/2004,03/15/2004,0,100,75.66,56.31,26.09,0,D3
03/02/2004,03/08/2004,0,100,75.66,56.27,27.89,0,D3
02/24/2004,03/01/2004,0,100,81.05,54.46,28.7,0,D3
02/17/2004,02/23/2004,0,100,81.05,54.46,28.7,0,D3
02/10/2004,02/16/2004,0,100,76.91,54.29,28.71,0,D3
02/03/2004,02/09/2004,0,100,76.91,54.29,28.71,0,D3
01/27/2004,02/02/2004,0,100,74.09,52.54,28.71,0,D3
01/20/2004,01/26/2004,0,100,74.01,52.54,28.71,0,D3
01/13/2004,01/19/2004,0,100,74.17,52.08,28.43,0,D3
01/06/2004,01/12/2004,0,100,73.76,51.81,28.56,0,D3
12/30/2003,01/05/2004,0,100,77.34,64.07,21.25,0,D3
12/23/2003,12/29/2003,0,100,81.14,63.23,18.27,0,D3
12/16/2003,12/22/2003,0,100,81.08,64.08,18.72,0,D3
12/09/2003,12/15/2003,0,100,81.14,64.67,16.67,0,D3
12/02/2003,12/08/2003,0,100,76.13,57.01,16.24,0,D3
11/25/2003,12/01/2003,0,100,76.59,56.6,18.42,0,D3
11/18/2003,11/24/2003,0,100,76.92,56.75,17.51,0,D3
11/11/2003,11/17/2003,0,100,77.3,58.74,18.79,0,D3
11/04/2003,11/10/2003,0,100,77.31,61.29,17.97,0,D3
10/28/2003,11/03/2003,0,100,79.73,67.6,17.79,0,D3
10/21/2003,10/27/2003,0,100,79.3,67.07,17.69,0,D3
10/14/2003,10/20/2003,0,100,78.56,67.06,18.3,0,D3
10/07/2003,10/13/2003,0,100,79.33,62.8,14.43,0,D3
09/30/2003,10/06/2003,0,100,79.12,61.74,14.43,0,D3
09/23/2003,09/29/2003,0,100,78.9,61.8,14.05,0,D3
09/16/2003,09/22/2003,0,100,78.97,62.35,13.92,0,D3
09/09/2003,09/15/2003,0,100,78.48,60.63,31.88,0.01,D4
09/02/2003,09/08/2003,0,100,100,68.98,34.05,0,D3
08/26/2003,09/01/2003,0,100,100,69.57,36.3,0.17,D4
08/19/2003,08/25/2003,0,100,100,64.11,36.05,0.03,D4
08/12/2003,08/18/2003,0,100,100,64.77,37.57,0.06,D4
08/05/2003,08/11/2003,0,100,100,61.04,37.86,0.1,D4
07/29/2003,08/04/2003,0,100,100,64.57,36.5,0.85,D4
07/22/2003,07/28/2003,0,100,87.09,63.75,36.55,0.71,D4
07/15/2003,07/21/2003,0,100,76.69,57.56,35.83,0.79,D4
07/08/2003,07/14/2003,22.36,77.64,64.49,54.51,31.31,0.85,D4
07/01/2003,07/07/2003,26.37,73.63,63.85,53.67,31.89,0.72,D4
06/24/2003,06/30/2003,26.13,73.87,64.2,53.83,31.72,0.78,D4
06/17/2003,06/23/2003,11.33,88.67,68.25,57.67,37.75,0.71,D4
06/10/2003,06/16/2003,2.16,97.84,71.55,60.12,37.78,0.77,D4
06/03/2003,06/09/2003,0.69,99.31,78.94,63.58,39.46,0,D3
05/27/2003,06/02/2003,0,100,82.35,65.76,45.07,0,D3
05/20/2003,05/26/2003,0,100,81.84,65.08,44.03,0,D3
05/13/2003,05/19/2003,0,100,100,72.5,52.32,0,D3
05/06/2003,05/12/2003,0,100,100,78.4,53.98,0,D3
04/29/2003,05/05/2003,0,100,99.47,80.51,54.95,0,D3
04/22/2003,04/28/2003,0,100,99.63,81.19,52.17,0,D3
04/15/2003,04/21/2003,0,100,99.7,81.5,54.75,0,D3
04/08/2003,04/14/2003,0,100,99.72,83.73,55.63,0,D3
04/01/2003,04/07/2003,0,100,99.67,84.76,55.72,3.7,D4
03/25/2003,03/31/2003,0,100,99.79,88.86,64.45,3.7,D4
03/18/2003,03/24/2003,0,100,99.75,98.82,69.97,7.27,D4
03/11/2003,03/17/2003,0,100,99.62,98.71,69.34,7.29,D4
03/04/2003,03/10/2003,0.02,99.98,99.14,98.74,74.59,7.45,D4
02/25/2003,03/03/2003,0.04,99.96,99.33,98.75,75.76,7.07,D4
02/18/2003,02/24/2003,0.07,99.93,99.61,99.13,75.59,7.09,D4
02/11/2003,02/17/2003,0,100,99.55,99.22,75.49,7.18,D4
02/04/2003,02/10/2003,0.01,99.99,99.44,98.98,75.04,6.71,D4
01/28/2003,02/03/2003,0,100,99.57,99.16,75.04,6.53,D4
01/21/2003,01/27/2003,0,100,99.78,99.05,72.12,6.37,D4
01/14/2003,01/20/2003,0,100,99.72,99.06,73.12,6.83,D4
01/07/2003,01/13/2003,0,100,99.7,99.3,73.37,6.62,D4
12/31/2002,01/06/2003,0,100,99.66,98.98,72.73,7.05,D4
12/24/2002,12/30/2002,0,100,99.66,99.12,72.65,7.06,D4
12/17/2002,12/23/2002,0,100,99.73,99.18,73.34,6.79,D4
12/10/2002,12/16/2002,0,100,99.7,99.14,72.51,6.62,D4
12/03/2002,12/09/2002,0,100,99.63,99.08,71.92,7.48,D4
11/26/2002,12/02/2002,0,100,99.66,99.09,72.37,7.17,D4
11/19/2002,11/25/2002,0,100,99.7,99.2,72.59,7.44,D4
11/12/2002,11/18/2002,0,100,99.68,99.25,72.08,7.04,D4
11/05/2002,11/11/2002,0,100,99.83,99.24,73.15,7.74,D4
10/29/2002,11/04/2002,0,100,100,99.76,77.26,7.5,D4
10/22/2002,10/28/2002,0,100,100,99.97,75.95,7.44,D4
10/15/2002,10/21/2002,0,100,100,99.96,75.28,7.54,D4
10/08/2002,10/14/2002,0,100,100,99.95,72.65,7.56,D4
10/01/2002,10/07/2002,0,100,100,99.95,80.26,25.14,D4
09/24/2002,09/30/2002,0,100,100,99.79,77.83,27.17,D4
09/17/2002,09/23/2002,0,100,100,99.8,78.29,31.02,D4
09/10/2002,09/16/2002,0,100,100,99.66,80.48,31.16,D4
09/03/2002,09/09/2002,0,100,100,100,82.35,32.82,D4
08/27/2002,09/02/2002,0,100,100,100,100,20.21,D4
08/20/2002,08/26/2002,0,100,100,100,100,19.79,D4
08/13/2002,08/19/2002,0,100,100,100,100,19.99,D4
08/06/2002,08/12/2002,0,100,100,100,100,20.12,D4
07/30/2002,08/05/2002,0,100,100,100,100,19.49,D4
07/23/2002,07/29/2002,0,100,100,100,100,33.61,D4
07/16/2002,07/22/2002,0,100,100,100,73.08,34.37,D4
07/09/2002,07/15/2002,0,100,100,100,71.96,33.44,D4
07/02/2002,07/08/2002,0,100,100,100,65.53,29.44,D4
06/25/2002,07/01/2002,0,100,100,100,60.08,13.81,D4
06/18/2002,06/24/2002,0,100,100,100,61.67,13.34,D4
06/11/2002,06/17/2002,0,100,100,100,68.13,9.26,D4
06/04/2002,06/10/2002,0,100,100,100,70.42,9.03,D4
05/28/2002,06/03/2002,0,100,100,100,78.03,9.16,D4
05/21/2002,05/27/2002,0,100,100,100,76.81,0,D3
05/14/2002,05/20/2002,0,100,100,100,76.44,0,D3
05/07/2002,05/13/2002,0,100,100,100,58.57,0,D3
04/30/2002,05/06/2002,0,100,100,100,58.53,0,D3
04/23/2002,04/29/2002,0,100,100,100,46.08,0,D3
04/16/2002,04/22/2002,0,100,100,69.49,0,0,D2
04/09/2002,04/15/2002,0,100,100,52.6,0,0,D2
04/02/2002,04/08/2002,0,100,100,47.92,0,0,D2
03/26/2002,04/01/2002,0,100,86.78,39.6,0,0,D2
03/19/2002,03/25/2002,0,100,79.55,35.51,0,0,D2
03/12/2002,03/18/2002,0,100,77.87,35.76,0,0,D2
03/05/2002,03/11/2002,0,100,76.02,0.21,0,0,D2
02/26/2002,03/04/2002,0,100,77.17,0,0,0,D1
02/19/2002,02/25/2002,0,100,77,0,0,0,D1
02/12/2002,02/18/2002,0,100,53,0,0,0,D1
02/05/2002,02/11/2002,0.56,99.44,44.58,0,0,0,D1
01/29/2002,02/04/2002,1.21,98.79,20.07,0,0,0,D1
01/22/2002,01/28/2002,1.32,98.68,13.88,0,0,0,D1
01/15/2002,01/21/2002,1.37,98.63,14.54,0,0,0,D1
01/08/2002,01/14/2002,1.48,98.52,14,0,0,0,D1
01/01/2002,01/07/2002,44.16,55.84,14.73,0,0,0,D1
12/25/2001,12/31/2001,47.13,52.87,11.19,0,0,0,D1
12/18/2001,12/24/2001,47.13,52.87,9.31,0,0,0,D1
12/11/2001,12/17/2001,46.83,53.17,3.97,0,0,0,D1
12/04/2001,12/10/2001,46.43,53.57,3.88,0,0,0,D1
11/27/2001,12/03/2001,47.91,52.09,4.45,0,0,0,D1
11/20/2001,11/26/2001,47.17,52.83,4.45,0,0,0,D1
11/13/2001,11/19/2001,47.1,52.9,4.64,0,0,0,D1
11/06/2001,11/12/2001,47.55,52.45,3.42,0,0,0,D1
10/30/2001,11/05/2001,52.7,47.3,2.48,0,0,0,D1
10/23/2001,10/29/2001,64.25,35.75,0,0,0,0,D0
10/16/2001,10/22/2001,64.74,35.26,0,0,0,0,D0
10/09/2001,10/15/2001,62.65,37.35,0,0,0,0,D0
10/02/2001,10/08/2001,62.65,37.35,0,0,0,0,D0
09/25/2001,10/01/2001,62.4,37.6,0,0,0,0,D0
09/18/2001,09/24/2001,59.71,40.29,0,0,0,0,D0
09/11/2001,09/17/2001,60.74,39.26,0,0,0,0,D0
09/04/2001,09/10/2001,92.33,7.67,0,0,0,0,D0
08/28/2001,09/03/2001,93.7,6.3,0,0,0,0,D0
08/21/2001,08/27/2001,93.97,6.03,0,0,0,0,D0
08/14/2001,08/20/2001,93.53,6.47,0,0,0,0,D0
08/07/2001,08/13/2001,94.59,5.41,0,0,0,0,D0
07/31/2001,08/06/2001,95.35,4.65,0,0,0,0,D0
07/24/2001,07/30/2001,95.35,4.65,0,0,0,0,D0
07/17/2001,07/23/2001,93.49,6.51,0,0,0,0,D0
07/10/2001,07/16/2001,85.16,14.84,0.34,0,0,0,D1
07/03/2001,07/09/2001,59.4,40.6,1.51,0,0,0,D1
06/26/2001,07/02/2001,64.81,35.19,0,0,0,0,D0
06/19/2001,06/25/2001,75.01,24.99,0,0,0,0,D0
06/12/2001,06/18/2001,81.64,18.36,0,0,0,0,D0
06/05/2001,06/11/2001,99.87,0.13,0,0,0,0,D0
05/29/2001,06/04/2001,99.87,0.13,0,0,0,0,D0
05/22/2001,05/28/2001,99.87,0.13,0,0,0,0,D0
05/15/2001,05/21/2001,99.87,0.13,0,0,0,0,D0
05/08/2001,05/14/2001,99.87,0.13,0,0,0,0,D0
05/01/2001,05/07/2001,99.74,0.26,0,0,0,0,D0
04/24/2001,04/30/2001,99.74,0.26,0,0,0,0,D0
04/17/2001,04/23/2001,97.14,2.86,0,0,0,0,D0
04/10/2001,04/16/2001,97.28,2.72,0,0,0,0,D0
04/03/2001,04/09/2001,97.28,2.72,0,0,0,0,D0
03/27/2001,04/02/2001,97.6,2.4,0,0,0,0,D0
03/20/2001,03/26/2001,97.6,2.4,0,0,0,0,D0
03/13/2001,03/19/2001,97.57,2.43,0,0,0,0,D0
03/06/2001,03/12/2001,99.4,0.6,0,0,0,0,D0
02/27/2001,03/05/2001,99.4,0.6,0,0,0,0,D0
02/20/2001,02/26/2001,99.4,0.6,0,0,0,0,D0
02/13/2001,02/19/2001,99.4,0.6,0,0,0,0,D0
02/06/2001,02/12/2001,99.28,0.72,0,0,0,0,D0
01/30/2001,02/05/2001,96.73,3.27,0,0,0,0,D0
01/23/2001,01/29/2001,96.61,3.39,0,0,0,0,D0
01/16/2001,01/22/2001,96.08,3.92,0,0,0,0,D0
01/09/2001,01/15/2001,96.08,3.92,0,0,0,0,D0
01/02/2001,01/08/2001,96.07,3.93,0,0,0,0,D0
12/26/2000,01/01/2001,96.07,3.93,0,0,0,0,D0
12/19/2000,12/25/2000,96.06,3.94,0,0,0,0,D0
12/12/2000,12/18/2000,86.07,13.93,0,0,0,0,D0
12/05/2000,12/11/2000,84.1,15.9,0,0,0,0,D0
11/28/2000,12/04/2000,74.66,25.34,0,0,0,0,D0
11/21/2000,11/27/2000,74.66,25.34,0,0,0,0,D0
11/14/2000,11/20/2000,74.88,25.12,0,0,0,0,D0
11/07/2000,11/13/2000,46.66,53.34,0,0,0,0,D0
10/31/2000,11/06/2000,8.93,91.07,26.26,0,0,0,D1
10/24/2000,10/30/2000,0,100,33.92,0,0,0,D1
10/17/2000,10/23/2000,30.29,69.71,15.99,1.48,0,0,D2
10/10/2000,10/16/2000,34.31,65.69,12.14,1.6,0,0,D2
10/03/2000,10/09/2000,34.54,65.46,12.14,1.78,0,0,D2
09/26/2000,10/02/2000,29.37,70.63,9.9,1.69,0,0,D2
09/19/2000,09/25/2000,29.64,70.36,11.93,4.47,0.23,0,D3
09/12/2000,09/18/2000,32.35,67.65,11.93,4.31,0.23,0,D3
09/05/2000,09/11/2000,32.35,67.65,10.36,2.27,0.05,0,D3
08/29/2000,09/04/2000,33.71,66.29,20.11,2.28,0.05,0,D3
08/22/2000,08/28/2000,37.42,62.58,20.46,2.28,0.04,0,D3
08/15/2000,08/21/2000,7.08,92.92,23.81,2.49,0.04,0,D3
08/08/2000,08/14/2000,5.45,94.55,21.73,2.36,0,0,D2
08/01/2000,08/07/2000,7.31,92.69,23.34,2.19,0,0,D2
07/25/2000,07/31/2000,7.31,92.69,22.31,2.19,0,0,D2
07/18/2000,07/24/2000,3.14,96.86,26.38,3.1,0,0,D2
07/11/2000,07/17/2000,0.6,99.4,39.8,3.31,0.02,0,D3
07/04/2000,07/10/2000,0.68,99.32,12.01,3.47,0.02,0,D3
06/27/2000,07/03/2000,0,100,6.17,1.55,0,0,D2
06/20/2000,06/26/2000,0,100,2.12,0,0,0,D1
06/13/2000,06/19/2000,20.86,79.14,0.46,0,0,0,D1
06/06/2000,06/12/2000,77.21,22.79,0,0,0,0,D0
05/30/2000,06/05/2000,98.31,1.69,0,0,0,0,D0
05/23/2000,05/29/2000,99.75,0.25,0,0,0,0,D0
05/16/2000,05/22/2000,99.57,0.43,0,0,0,0,D0
05/09/2000,05/15/2000,99.61,0.39,0,0,0,0,D0
05/02/2000,05/08/2000,99.61,0.39,0,0,0,0,D0
04/25/2000,05/01/2000,97.49,2.51,0,0,0,0,D0
04/18/2000,04/24/2000,95.29,4.71,0,0,0,0,D0
04/11/2000,04/17/2000,99.41,0.59,0,0,0,0,D0
04/04/2000,04/10/2000,99.41,0.59,0,0,0,0,D0
03/28/2000,04/03/2000,98.42,1.58,0,0,0,0,D0
03/21/2000,03/27/2000,97.06,2.94,0,0,0,0,D0
03/14/2000,03/20/2000,96.57,3.43,0,0,0,0,D0
03/07/2000,03/13/2000,93.52,6.48,0,0,0,0,D0
02/29/2000,03/06/2000,92,8,1.2,0,0,0,D1
02/22/2000,02/28/2000,93.06,6.94,0.09,0,0,0,D1
02/15/2000,02/21/2000,81.43,18.57,0.09,0,0,0,D1
02/08/2000,02/14/2000,73.87,26.13,0.09,0,0,0,D1
02/01/2000,02/07/2000,69.33,30.67,0.09,0,0,0,D1
01/25/2000,01/31/2000,43.98,56.02,0,0,0,0,D0
01/18/2000,01/24/2000,44.6,55.4,0,0,0,0,D0
01/11/2000,01/17/2000,61.24,38.76,0,0,0,0,D0
01/04/2000,01/10/2000,96.81,3.19,0,0,0,0,D0
