MapDate,StateAbbreviation,None,D0,D1,D2,D3,D4,ValidStart,ValidEnd,StatisticFormatID
10/12/2021,CO,5.26,94.74,65.99,29.29,13.63,1.95,10/12/2021,10/18/2021,1
10/5/2021,CO,10.34,89.66,54.1,26.59,12.97,1.95,10/5/2021,10/11/2021,1
9/28/2021,CO,12.72,87.28,46.42,26.3,15.05,3.91,9/28/2021,10/4/2021,1
9/21/2021,CO,16.92,83.08,40.94,24.58,15.05,3.91,9/21/2021,9/27/2021,1
9/14/2021,CO,34.6,65.4,37.06,24.48,15.05,3.91,9/14/2021,9/20/2021,1
9/7/2021,CO,47.43,52.57,36.47,24.48,15.05,3.91,9/7/2021,9/13/2021,1
8/31/2021,CO,49.43,50.57,36.47,24.44,15.05,3.91,8/31/2021,9/6/2021,1
8/24/2021,CO,49.27,50.73,36.61,24.44,15.05,3.91,8/24/2021,8/30/2021,1
8/17/2021,CO,48.62,51.38,37.23,28.04,20.37,6.38,8/17/2021,8/23/2021,1
8/10/2021,CO,53.18,46.82,34.43,28.04,20.37,6.38,8/10/2021,8/16/2021,1
8/3/2021,CO,56.64,43.36,34.52,29.61,20.96,6.38,8/3/2021,8/9/2021,1
7/27/2021,CO,56.19,43.81,38.16,32.98,26.82,15.43,7/27/2021,8/2/2021,1
7/20/2021,CO,54.43,45.57,41.02,36.23,28.15,18.32,7/20/2021,7/26/2021,1
7/13/2021,CO,54.44,45.56,40.99,36.23,29.94,18.32,7/13/2021,7/19/2021,1
7/6/2021,CO,54.48,45.52,41.51,36.37,29.95,17.52,7/6/2021,7/12/2021,1
6/29/2021,CO,54.48,45.52,41.62,36.37,29.95,17.52,6/29/2021,7/5/2021,1
6/22/2021,CO,54.41,45.59,41.62,36.37,30.35,17.73,6/22/2021,6/28/2021,1
6/15/2021,CO,54.98,45.02,41.42,35.54,29.86,17.53,6/15/2021,6/21/2021,1
6/8/2021,CO,54.98,45.02,41.42,35.54,29.15,17.53,6/8/2021,6/14/2021,1
6/1/2021,CO,51.1,48.9,43.36,35.53,29.15,16.39,6/1/2021,6/7/2021,1
5/25/2021,CO,33.83,66.17,46.22,35.53,29.15,16.39,5/25/2021,5/31/2021,1
5/18/2021,CO,23.3,76.7,51.8,39.29,28.96,16.39,5/18/2021,5/24/2021,1
5/11/2021,CO,13.05,86.95,75.19,43.27,29.45,16.39,5/11/2021,5/17/2021,1
5/4/2021,CO,7.84,92.16,79.86,51.85,31.01,16.39,5/4/2021,5/10/2021,1
4/27/2021,CO,1.19,98.81,89.13,60.45,32.13,16.68,4/27/2021,5/3/2021,1
4/20/2021,CO,1.19,98.81,89.13,60.45,32.13,14.65,4/20/2021,4/26/2021,1
4/13/2021,CO,0,100,92.31,61.69,32.13,14.65,4/13/2021,4/19/2021,1
4/6/2021,CO,0,100,92.31,61.69,32.13,14.65,4/6/2021,4/12/2021,1
3/30/2021,CO,0,100,92.31,61.69,32.13,14.65,3/30/2021,4/5/2021,1
3/23/2021,CO,0,100,92.62,62.13,32.13,15.1,3/23/2021,3/29/2021,1
3/16/2021,CO,0,100,95.76,71.47,38.64,15.1,3/16/2021,3/22/2021,1
3/9/2021,CO,0,100,98.57,88.76,56.64,15.89,3/9/2021,3/15/2021,1
3/2/2021,CO,0,100,98.57,88.76,56.66,15.89,3/2/2021,3/8/2021,1
2/23/2021,CO,0,100,98.57,88.76,56.93,15.89,2/23/2021,3/1/2021,1
2/16/2021,CO,0,100,100,90.24,58.91,17.78,2/16/2021,2/22/2021,1
2/9/2021,CO,0,100,100,90.24,70.11,24.79,2/9/2021,2/15/2021,1
2/2/2021,CO,0,100,100,90.24,70.73,24.79,2/2/2021,2/8/2021,1
1/26/2021,CO,0,100,100,90.65,73.11,24.91,1/26/2021,2/1/2021,1
1/19/2021,CO,0,100,100,91.06,73.63,27.59,1/19/2021,1/25/2021,1
1/12/2021,CO,0,100,100,91.03,73.63,27.59,1/12/2021,1/18/2021,1
1/5/2021,CO,0,100,100,93.73,76.17,27.6,1/5/2021,1/11/2021,1
12/29/2020,CO,0,100,100,93.73,76.17,27.6,12/29/2020,1/4/2021,1
12/22/2020,CO,0,100,100,93.73,76.17,27.6,12/22/2020,12/28/2020,1
12/15/2020,CO,0,100,100,93.73,76.17,27.6,12/15/2020,12/21/2020,1
12/8/2020,CO,0,100,100,93.71,76.17,27.6,12/8/2020,12/14/2020,1
12/1/2020,CO,0,100,100,93.71,74.68,26.71,12/1/2020,12/7/2020,1
11/24/2020,CO,0,100,100,93.71,74.63,27.22,11/24/2020,11/30/2020,1
11/17/2020,CO,0,100,100,93.71,74.08,27.22,11/17/2020,11/23/2020,1
11/10/2020,CO,0,100,100,93.71,74.08,24.64,11/10/2020,11/16/2020,1
11/3/2020,CO,0,100,100,93.71,74.08,24.39,11/3/2020,11/9/2020,1
10/27/2020,CO,0,100,100,97.26,75.91,21.82,10/27/2020,11/2/2020,1
10/20/2020,CO,0,100,100,97.26,77.72,21.82,10/20/2020,10/26/2020,1
10/13/2020,CO,0,100,100,97.23,59.23,16.72,10/13/2020,10/19/2020,1
10/6/2020,CO,0,100,99.3,90.39,59.23,16.72,10/6/2020,10/12/2020,1
9/29/2020,CO,0,100,99.29,89.35,52.88,2.64,9/29/2020,10/5/2020,1
9/22/2020,CO,0,100,98.61,87.77,50.1,0.38,9/22/2020,9/28/2020,1
9/15/2020,CO,0,100,98.6,88.89,50.1,0.38,9/15/2020,9/21/2020,1
9/8/2020,CO,0,100,98.83,92.27,54.82,0.38,9/8/2020,9/14/2020,1
9/1/2020,CO,0,100,98.8,91.55,36.85,0.38,9/1/2020,9/7/2020,1
8/25/2020,CO,0,100,98.26,93.29,36.52,0.38,8/25/2020,8/31/2020,1
8/18/2020,CO,0,100,98.76,72.69,27.31,0,8/18/2020,8/24/2020,1
8/11/2020,CO,0,100,93.87,61.43,23.66,0,8/11/2020,8/17/2020,1
8/4/2020,CO,0,100,85.88,58.79,26.64,0,8/4/2020,8/10/2020,1
7/28/2020,CO,0.65,99.35,83.72,58.79,26.64,0,7/28/2020,8/3/2020,1
7/21/2020,CO,2.95,97.05,73.99,60.34,31.77,0,7/21/2020,7/27/2020,1
7/14/2020,CO,4.64,95.36,70.2,57.84,36.91,0,7/14/2020,7/20/2020,1
7/7/2020,CO,15.67,84.33,69.18,55.41,34.07,0,7/7/2020,7/13/2020,1
6/30/2020,CO,15.67,84.33,67.96,56.23,34.07,1.37,6/30/2020,7/6/2020,1
6/23/2020,CO,17.21,82.79,67.96,56.23,32.96,0,6/23/2020,6/29/2020,1
6/16/2020,CO,18.4,81.6,65.91,55.41,32.96,0,6/16/2020,6/22/2020,1
6/9/2020,CO,23.22,76.78,63.64,49.38,25.49,0,6/9/2020,6/15/2020,1
6/2/2020,CO,23.22,76.78,63.5,47.08,19.46,0,6/2/2020,6/8/2020,1
5/26/2020,CO,23.22,76.78,65.2,43.76,17.52,0,5/26/2020,6/1/2020,1
5/19/2020,CO,23.22,76.78,65.2,46.31,17.52,0,5/19/2020,5/25/2020,1
5/12/2020,CO,20.76,79.24,62.66,46.08,14.65,0,5/12/2020,5/18/2020,1
5/5/2020,CO,23.79,76.21,61.83,40.72,11.34,0,5/5/2020,5/11/2020,1
4/28/2020,CO,24.47,75.53,56.64,32.72,0,0,4/28/2020,5/4/2020,1
4/21/2020,CO,33.26,66.74,53.58,28.51,0,0,4/21/2020,4/27/2020,1
4/14/2020,CO,33.26,66.74,53.23,12.88,0,0,4/14/2020,4/20/2020,1
4/7/2020,CO,35.36,64.64,47.33,6.5,0,0,4/7/2020,4/13/2020,1
3/31/2020,CO,32.23,67.77,47.33,3.25,0,0,3/31/2020,4/6/2020,1
3/24/2020,CO,30.32,69.68,45.87,3.25,0,0,3/24/2020,3/30/2020,1
3/17/2020,CO,30.09,69.91,46.88,3.3,0,0,3/17/2020,3/23/2020,1
3/10/2020,CO,30.09,69.91,46.88,3.3,0,0,3/10/2020,3/16/2020,1
3/3/2020,CO,30.09,69.91,45.33,3.3,0,0,3/3/2020,3/9/2020,1
2/25/2020,CO,30.09,69.91,42.77,3.3,0,0,2/25/2020,3/2/2020,1
2/18/2020,CO,28.74,71.26,43.82,3.3,0,0,2/18/2020,2/24/2020,1
2/11/2020,CO,27.72,72.28,43.82,3.3,0,0,2/11/2020,2/17/2020,1
2/4/2020,CO,22.39,77.61,51.12,3.3,0,0,2/4/2020,2/10/2020,1
1/28/2020,CO,22.39,77.61,51.19,3.3,0,0,1/28/2020,2/3/2020,1
1/21/2020,CO,22.39,77.61,51.19,13.84,0,0,1/21/2020,1/27/2020,1
1/14/2020,CO,31.72,68.28,51.19,13.84,0,0,1/14/2020,1/20/2020,1
1/7/2020,CO,31.72,68.28,51.19,13.84,0,0,1/7/2020,1/13/2020,1
12/31/2019,CO,31.72,68.28,51.19,20.11,0,0,12/31/2019,1/6/2020,1
12/24/2019,CO,31.72,68.28,51.19,20.11,0,0,12/24/2019,12/30/2019,1
12/17/2019,CO,31.72,68.28,51.19,20.11,0,0,12/17/2019,12/23/2019,1
12/10/2019,CO,28.03,71.97,55.82,30.09,0,0,12/10/2019,12/16/2019,1
12/3/2019,CO,28.2,71.8,55.9,30.26,0,0,12/3/2019,12/9/2019,1
11/26/2019,CO,24.08,75.92,61.85,32.29,0,0,11/26/2019,12/2/2019,1
11/19/2019,CO,25.19,74.81,59.95,32.23,0,0,11/19/2019,11/25/2019,1
11/12/2019,CO,25.74,74.26,55.27,31.02,0,0,11/12/2019,11/18/2019,1
11/5/2019,CO,18.73,81.27,58.24,27.41,0,0,11/5/2019,11/11/2019,1
10/29/2019,CO,18.73,81.27,58.24,27.41,0,0,10/29/2019,11/4/2019,1
10/22/2019,CO,11.64,88.36,60.76,27.41,0,0,10/22/2019,10/28/2019,1
10/15/2019,CO,25.44,74.56,37.01,11.23,0,0,10/15/2019,10/21/2019,1
10/8/2019,CO,25.48,74.52,37.01,11.23,0,0,10/8/2019,10/14/2019,1
10/1/2019,CO,30.14,69.86,27.53,0,0,0,10/1/2019,10/7/2019,1
9/24/2019,CO,34.06,65.94,10.81,0,0,0,9/24/2019,9/30/2019,1
9/17/2019,CO,50.45,49.55,6.68,0,0,0,9/17/2019,9/23/2019,1
9/10/2019,CO,50.45,49.55,6.68,0,0,0,9/10/2019,9/16/2019,1
9/3/2019,CO,58.99,41.01,3.46,0,0,0,9/3/2019,9/9/2019,1
8/27/2019,CO,80.47,19.53,1.98,0,0,0,8/27/2019,9/2/2019,1
8/20/2019,CO,93.35,6.65,0,0,0,0,8/20/2019,8/26/2019,1
8/13/2019,CO,93.35,6.65,0,0,0,0,8/13/2019,8/19/2019,1
8/6/2019,CO,94.53,5.47,0,0,0,0,8/6/2019,8/12/2019,1
7/30/2019,CO,95.32,4.68,0,0,0,0,7/30/2019,8/5/2019,1
7/23/2019,CO,96.93,3.07,0,0,0,0,7/23/2019,7/29/2019,1
7/16/2019,CO,100,0,0,0,0,0,7/16/2019,7/22/2019,1
7/9/2019,CO,100,0,0,0,0,0,7/9/2019,7/15/2019,1
7/2/2019,CO,100,0,0,0,0,0,7/2/2019,7/8/2019,1
6/25/2019,CO,100,0,0,0,0,0,6/25/2019,7/1/2019,1
6/18/2019,CO,100,0,0,0,0,0,6/18/2019,6/24/2019,1
6/11/2019,CO,100,0,0,0,0,0,6/11/2019,6/17/2019,1
6/4/2019,CO,100,0,0,0,0,0,6/4/2019,6/10/2019,1
5/28/2019,CO,100,0,0,0,0,0,5/28/2019,6/3/2019,1
5/21/2019,CO,99.99,0.01,0,0,0,0,5/21/2019,5/27/2019,1
5/14/2019,CO,89.35,10.65,0.01,0,0,0,5/14/2019,5/20/2019,1
5/7/2019,CO,84.23,15.77,0.59,0,0,0,5/7/2019,5/13/2019,1
4/30/2019,CO,84.72,15.28,0.59,0,0,0,4/30/2019,5/6/2019,1
4/23/2019,CO,78.01,21.99,0.98,0,0,0,4/23/2019,4/29/2019,1
4/16/2019,CO,78.01,21.99,4.74,0,0,0,4/16/2019,4/22/2019,1
4/9/2019,CO,78.01,21.99,4.74,0,0,0,4/9/2019,4/15/2019,1
4/2/2019,CO,78.01,21.99,4.74,0,0,0,4/2/2019,4/8/2019,1
3/26/2019,CO,74.78,25.22,4.74,0,0,0,3/26/2019,4/1/2019,1
3/19/2019,CO,53.87,46.13,6.39,0.63,0,0,3/19/2019,3/25/2019,1
3/12/2019,CO,17,83,25.44,6.26,0.58,0,3/12/2019,3/18/2019,1
3/5/2019,CO,10.64,89.36,58.05,12.08,0.58,0,3/5/2019,3/11/2019,1
2/26/2019,CO,10.64,89.36,62.26,35.26,0.59,0,2/26/2019,3/4/2019,1
2/19/2019,CO,8.15,91.85,67.16,39.69,10.21,0.11,2/19/2019,2/25/2019,1
2/12/2019,CO,8.15,91.85,67.16,39.69,21.84,0.11,2/12/2019,2/18/2019,1
2/5/2019,CO,8.14,91.86,67.16,40.83,22.05,2.96,2/5/2019,2/11/2019,1
1/29/2019,CO,15.91,84.09,66.35,41.02,22.04,2.79,1/29/2019,2/4/2019,1
1/22/2019,CO,15.91,84.09,68.49,42.41,22.04,2.79,1/22/2019,1/28/2019,1
1/15/2019,CO,15.91,84.09,68.49,53,25.35,10.51,1/15/2019,1/21/2019,1
1/8/2019,CO,14.89,85.11,69.48,54.91,25.69,10.51,1/8/2019,1/14/2019,1
1/1/2019,CO,17.94,82.06,66.26,54.91,27.11,11.22,1/1/2019,1/7/2019,1
12/25/2018,CO,15.88,84.12,66.26,54.91,27.11,11.22,12/25/2018,12/31/2018,1
12/18/2018,CO,17.1,82.9,66.26,54.82,27.11,11.22,12/18/2018,12/24/2018,1
12/11/2018,CO,17.1,82.9,66.26,54.82,27.11,11.22,12/11/2018,12/17/2018,1
12/4/2018,CO,17.1,82.9,66.26,54.82,27.11,11.22,12/4/2018,12/10/2018,1
11/27/2018,CO,17.1,82.9,66.26,54.82,33.46,13.35,11/27/2018,12/3/2018,1
11/20/2018,CO,17.1,82.9,66.26,54.82,34.13,13.35,11/20/2018,11/26/2018,1
11/13/2018,CO,16.64,83.36,66.26,54.82,34.13,13.35,11/13/2018,11/19/2018,1
11/6/2018,CO,16.64,83.36,66.8,54.82,35.19,13.37,11/6/2018,11/12/2018,1
10/30/2018,CO,16.64,83.36,66.8,57.07,37.48,13.64,10/30/2018,11/5/2018,1
10/23/2018,CO,16.64,83.36,67.83,59.23,39.09,13.64,10/23/2018,10/29/2018,1
10/16/2018,CO,16.64,83.36,67.83,59.23,39.09,13.64,10/16/2018,10/22/2018,1
10/9/2018,CO,16.64,83.36,70.27,59.71,41.26,13.64,10/9/2018,10/15/2018,1
10/2/2018,CO,14.19,85.81,72.3,64.41,48.47,16.21,10/2/2018,10/8/2018,1
9/25/2018,CO,14.19,85.81,72.3,64.41,48.47,16.21,9/25/2018,10/1/2018,1
9/18/2018,CO,16.89,83.11,71.59,63.93,44.29,12.62,9/18/2018,9/24/2018,1
9/11/2018,CO,19.99,80.01,71.39,63.93,44.29,9.72,9/11/2018,9/17/2018,1
9/4/2018,CO,19.99,80.01,71.39,63.93,44.3,9.72,9/4/2018,9/10/2018,1
8/28/2018,CO,18.57,81.43,72.8,64.63,44.3,8.5,8/28/2018,9/3/2018,1
8/21/2018,CO,18.57,81.43,74.46,65.88,45.46,8.5,8/21/2018,8/27/2018,1
8/14/2018,CO,18.63,81.37,75.86,65.91,45.46,8.5,8/14/2018,8/20/2018,1
8/7/2018,CO,18.2,81.8,75.86,64.65,35.1,8.5,8/7/2018,8/13/2018,1
7/31/2018,CO,17.95,82.05,76.56,66.29,43.53,10.17,7/31/2018,8/6/2018,1
7/24/2018,CO,17.85,82.15,76.64,60.82,39.72,10.2,7/24/2018,7/30/2018,1
7/17/2018,CO,17.5,82.5,76.96,60.62,40.08,13.32,7/17/2018,7/23/2018,1
7/10/2018,CO,17.5,82.5,77.11,60.62,40.08,13.32,7/10/2018,7/16/2018,1
7/3/2018,CO,20.46,79.54,67.3,52.31,36.46,8.81,7/3/2018,7/9/2018,1
6/26/2018,CO,21.33,78.67,66.9,52.31,36.46,8.81,6/26/2018,7/2/2018,1
6/19/2018,CO,21.33,78.67,66.9,50.67,34.19,7.79,6/19/2018,6/25/2018,1
6/12/2018,CO,20.33,79.67,67.52,51.18,35.21,7.79,6/12/2018,6/18/2018,1
6/5/2018,CO,24.69,75.31,63.91,50.8,35.13,7.79,6/5/2018,6/11/2018,1
5/29/2018,CO,24.68,75.32,63.92,50.55,33.67,7.79,5/29/2018,6/4/2018,1
5/22/2018,CO,21.4,78.6,65.1,50.77,33.67,7.79,5/22/2018,5/28/2018,1
5/15/2018,CO,20.49,79.51,65.53,51.14,30.89,7.79,5/15/2018,5/21/2018,1
5/8/2018,CO,18.02,81.98,67.98,51.57,30.89,7.4,5/8/2018,5/14/2018,1
5/1/2018,CO,18.47,81.53,67.98,53.65,30.89,5.02,5/1/2018,5/7/2018,1
4/24/2018,CO,18.47,81.53,67.98,53.65,30.89,3.87,4/24/2018,4/30/2018,1
4/17/2018,CO,15.74,84.26,69.17,53.65,24.42,3.87,4/17/2018,4/23/2018,1
4/10/2018,CO,12.38,87.62,69.43,53.65,24.31,0,4/10/2018,4/16/2018,1
4/3/2018,CO,9.65,90.35,73.67,51.56,23.63,0,4/3/2018,4/9/2018,1
3/27/2018,CO,9.65,90.35,73.5,48.55,20.61,0,3/27/2018,4/2/2018,1
3/20/2018,CO,9.65,90.35,74.31,50.29,19.99,0,3/20/2018,3/26/2018,1
3/13/2018,CO,10.16,89.84,70.75,47.44,13.44,0,3/13/2018,3/19/2018,1
3/6/2018,CO,10.16,89.84,70.89,45.8,9.28,0,3/6/2018,3/12/2018,1
2/27/2018,CO,10.16,89.84,70.89,33.51,7.62,0,2/27/2018,3/5/2018,1
2/20/2018,CO,8.59,91.41,71.18,33.51,7.62,0,2/20/2018,2/26/2018,1
2/13/2018,CO,8.59,91.41,71.18,33.51,0,0,2/13/2018,2/19/2018,1
2/6/2018,CO,0.59,99.41,71.9,31.82,0,0,2/6/2018,2/12/2018,1
1/30/2018,CO,0.59,99.41,75.9,29.21,0,0,1/30/2018,2/5/2018,1
1/23/2018,CO,0.59,99.41,75.9,29.21,0,0,1/23/2018,1/29/2018,1
1/16/2018,CO,0.59,99.41,75.9,23.23,0,0,1/16/2018,1/22/2018,1
1/9/2018,CO,0.59,99.41,75.9,22.02,0,0,1/9/2018,1/15/2018,1
1/2/2018,CO,6.57,93.43,33.53,7.27,0,0,1/2/2018,1/8/2018,1
12/26/2017,CO,7.17,92.83,27.88,0,0,0,12/26/2017,1/1/2018,1
12/19/2017,CO,7.17,92.83,27.13,0,0,0,12/19/2017,12/25/2017,1
12/12/2017,CO,11.25,88.75,16.09,0,0,0,12/12/2017,12/18/2017,1
12/5/2017,CO,66.96,33.04,15.99,0,0,0,12/5/2017,12/11/2017,1
11/28/2017,CO,67.07,32.93,13.24,0,0,0,11/28/2017,12/4/2017,1
11/21/2017,CO,71.23,28.77,9.82,0,0,0,11/21/2017,11/27/2017,1
11/14/2017,CO,71.26,28.74,1.22,0,0,0,11/14/2017,11/20/2017,1
11/7/2017,CO,71.26,28.74,1.22,0,0,0,11/7/2017,11/13/2017,1
10/31/2017,CO,71.37,28.63,1.22,0,0,0,10/31/2017,11/6/2017,1
10/24/2017,CO,71.57,28.43,1.12,0,0,0,10/24/2017,10/30/2017,1
10/17/2017,CO,71.71,28.29,1.12,0,0,0,10/17/2017,10/23/2017,1
10/10/2017,CO,78.81,21.19,1.12,0,0,0,10/10/2017,10/16/2017,1
10/3/2017,CO,70.54,29.46,3.7,0,0,0,10/3/2017,10/9/2017,1
9/26/2017,CO,67.63,32.37,3.72,0,0,0,9/26/2017,10/2/2017,1
9/19/2017,CO,64.79,35.21,3.72,0,0,0,9/19/2017,9/25/2017,1
9/12/2017,CO,64.81,35.19,3.72,0,0,0,9/12/2017,9/18/2017,1
9/5/2017,CO,67.49,32.51,3.72,0,0,0,9/5/2017,9/11/2017,1
8/29/2017,CO,81.29,18.71,0,0,0,0,8/29/2017,9/4/2017,1
8/22/2017,CO,83.96,16.04,0,0,0,0,8/22/2017,8/28/2017,1
8/15/2017,CO,85.18,14.82,0,0,0,0,8/15/2017,8/21/2017,1
8/8/2017,CO,82.69,17.31,0,0,0,0,8/8/2017,8/14/2017,1
8/1/2017,CO,79.02,20.98,0,0,0,0,8/1/2017,8/7/2017,1
7/25/2017,CO,60.05,39.95,0,0,0,0,7/25/2017,7/31/2017,1
7/18/2017,CO,64.47,35.53,0,0,0,0,7/18/2017,7/24/2017,1
7/11/2017,CO,66.84,33.16,0,0,0,0,7/11/2017,7/17/2017,1
7/4/2017,CO,85.58,14.42,0,0,0,0,7/4/2017,7/10/2017,1
6/27/2017,CO,93.82,6.18,0,0,0,0,6/27/2017,7/3/2017,1
6/20/2017,CO,94.11,5.89,0,0,0,0,6/20/2017,6/26/2017,1
6/13/2017,CO,93.84,6.16,0,0,0,0,6/13/2017,6/19/2017,1
6/6/2017,CO,93.84,6.16,0,0,0,0,6/6/2017,6/12/2017,1
5/30/2017,CO,94.3,5.7,0,0,0,0,5/30/2017,6/5/2017,1
5/23/2017,CO,94.3,5.7,0,0,0,0,5/23/2017,5/29/2017,1
5/16/2017,CO,81.26,18.74,0.41,0,0,0,5/16/2017,5/22/2017,1
5/9/2017,CO,87.62,12.38,2.19,0,0,0,5/9/2017,5/15/2017,1
5/2/2017,CO,83.52,16.48,3.57,0,0,0,5/2/2017,5/8/2017,1
4/25/2017,CO,64.25,35.75,8.73,0,0,0,4/25/2017,5/1/2017,1
4/18/2017,CO,46.01,53.99,11.88,0,0,0,4/18/2017,4/24/2017,1
4/11/2017,CO,51.89,48.11,19.46,0,0,0,4/11/2017,4/17/2017,1
4/4/2017,CO,51.89,48.11,21.88,3.03,0,0,4/4/2017,4/10/2017,1
3/28/2017,CO,49.49,50.51,23.25,3.22,0.2,0,3/28/2017,4/3/2017,1
3/21/2017,CO,48.05,51.95,41.82,5.14,0.2,0,3/21/2017,3/27/2017,1
3/14/2017,CO,48.05,51.95,41.82,4.43,0.2,0,3/14/2017,3/20/2017,1
3/7/2017,CO,48.04,51.96,37.11,1.98,0.2,0,3/7/2017,3/13/2017,1
2/28/2017,CO,48.04,51.96,36.92,1.64,0,0,2/28/2017,3/6/2017,1
2/21/2017,CO,48.05,51.95,36.92,1.64,0,0,2/21/2017,2/27/2017,1
2/14/2017,CO,46.88,53.12,36.92,0.75,0,0,2/14/2017,2/20/2017,1
2/7/2017,CO,47.49,52.51,35.34,0.75,0,0,2/7/2017,2/13/2017,1
1/31/2017,CO,47.49,52.51,35.34,0.75,0,0,1/31/2017,2/6/2017,1
1/24/2017,CO,44.27,55.73,35.34,0.75,0,0,1/24/2017,1/30/2017,1
1/17/2017,CO,44.17,55.83,35.34,0.75,0,0,1/17/2017,1/23/2017,1
1/10/2017,CO,44.17,55.83,35.34,2.28,0,0,1/10/2017,1/16/2017,1
1/3/2017,CO,31.88,68.12,37.21,2.88,0,0,1/3/2017,1/9/2017,1
12/27/2016,CO,31.88,68.12,37.21,2.88,0,0,12/27/2016,1/2/2017,1
12/20/2016,CO,1.66,98.34,38.38,2.88,0,0,12/20/2016,12/26/2016,1
12/13/2016,CO,1.66,98.34,38.38,2.88,0,0,12/13/2016,12/19/2016,1
12/6/2016,CO,1.6,98.4,38.29,2.77,0,0,12/6/2016,12/12/2016,1
11/29/2016,CO,1.6,98.4,35.23,2.15,0,0,11/29/2016,12/5/2016,1
11/22/2016,CO,1.6,98.4,35.21,2.15,0,0,11/22/2016,11/28/2016,1
11/15/2016,CO,1.6,98.4,35.21,2.15,0,0,11/15/2016,11/21/2016,1
11/8/2016,CO,1.6,98.4,30.84,0,0,0,11/8/2016,11/14/2016,1
11/1/2016,CO,8.9,91.1,24.31,0,0,0,11/1/2016,11/7/2016,1
10/25/2016,CO,35.46,64.54,5.83,0,0,0,10/25/2016,10/31/2016,1
10/18/2016,CO,51.91,48.09,3.53,0,0,0,10/18/2016,10/24/2016,1
10/11/2016,CO,75.77,24.23,2.45,0,0,0,10/11/2016,10/17/2016,1
10/4/2016,CO,75.77,24.23,2.45,0,0,0,10/4/2016,10/10/2016,1
9/27/2016,CO,70.49,29.51,2.45,0,0,0,9/27/2016,10/3/2016,1
9/20/2016,CO,71.75,28.25,1.79,0,0,0,9/20/2016,9/26/2016,1
9/13/2016,CO,71.75,28.25,1.79,0,0,0,9/13/2016,9/19/2016,1
9/6/2016,CO,77.4,22.6,1.09,0,0,0,9/6/2016,9/12/2016,1
8/30/2016,CO,77.4,22.6,1.09,0,0,0,8/30/2016,9/5/2016,1
8/23/2016,CO,65.98,34.02,1.47,0,0,0,8/23/2016,8/29/2016,1
8/16/2016,CO,71.05,28.95,1.47,0,0,0,8/16/2016,8/22/2016,1
8/9/2016,CO,73.34,26.66,0.38,0,0,0,8/9/2016,8/15/2016,1
8/2/2016,CO,80.95,19.05,0.38,0,0,0,8/2/2016,8/8/2016,1
7/26/2016,CO,80.95,19.05,0.38,0,0,0,7/26/2016,8/1/2016,1
7/19/2016,CO,81.13,18.87,0,0,0,0,7/19/2016,7/25/2016,1
7/12/2016,CO,92.96,7.04,0,0,0,0,7/12/2016,7/18/2016,1
7/5/2016,CO,94.76,5.24,0,0,0,0,7/5/2016,7/11/2016,1
6/28/2016,CO,94.76,5.24,0,0,0,0,6/28/2016,7/4/2016,1
6/21/2016,CO,94.76,5.24,0,0,0,0,6/21/2016,6/27/2016,1
6/14/2016,CO,96.17,3.83,0,0,0,0,6/14/2016,6/20/2016,1
6/7/2016,CO,96.17,3.83,0,0,0,0,6/7/2016,6/13/2016,1
5/31/2016,CO,96.17,3.83,0,0,0,0,5/31/2016,6/6/2016,1
5/24/2016,CO,96.17,3.83,0,0,0,0,5/24/2016,5/30/2016,1
5/17/2016,CO,95.22,4.78,0,0,0,0,5/17/2016,5/23/2016,1
5/10/2016,CO,95.22,4.78,0,0,0,0,5/10/2016,5/16/2016,1
5/3/2016,CO,93.05,6.95,0,0,0,0,5/3/2016,5/9/2016,1
4/26/2016,CO,74.64,25.36,2.09,0,0,0,4/26/2016,5/2/2016,1
4/19/2016,CO,74.62,25.38,2.09,0,0,0,4/19/2016,4/25/2016,1
4/12/2016,CO,70.41,29.59,7.75,0.35,0,0,4/12/2016,4/18/2016,1
4/5/2016,CO,71.01,28.99,7.36,0,0,0,4/5/2016,4/11/2016,1
3/29/2016,CO,68.55,31.45,4.39,0,0,0,3/29/2016,4/4/2016,1
3/22/2016,CO,68.75,31.25,2.95,0,0,0,3/22/2016,3/28/2016,1
3/15/2016,CO,72.25,27.75,0.03,0,0,0,3/15/2016,3/21/2016,1
3/8/2016,CO,85.58,14.42,0,0,0,0,3/8/2016,3/14/2016,1
3/1/2016,CO,91.03,8.97,0,0,0,0,3/1/2016,3/7/2016,1
2/23/2016,CO,92.65,7.35,0,0,0,0,2/23/2016,2/29/2016,1
2/16/2016,CO,92.65,7.35,0,0,0,0,2/16/2016,2/22/2016,1
2/9/2016,CO,92.65,7.35,0,0,0,0,2/9/2016,2/15/2016,1
2/2/2016,CO,89.95,10.05,0,0,0,0,2/2/2016,2/8/2016,1
1/26/2016,CO,90.01,9.99,0,0,0,0,1/26/2016,2/1/2016,1
1/19/2016,CO,90.01,9.99,0,0,0,0,1/19/2016,1/25/2016,1
1/12/2016,CO,89.98,10.02,0,0,0,0,1/12/2016,1/18/2016,1
1/5/2016,CO,90.02,9.98,0,0,0,0,1/5/2016,1/11/2016,1
12/29/2015,CO,90.02,9.98,0,0,0,0,12/29/2015,1/4/2016,1
12/22/2015,CO,88.11,11.89,0,0,0,0,12/22/2015,12/28/2015,1
12/15/2015,CO,88.11,11.89,0,0,0,0,12/15/2015,12/21/2015,1
12/8/2015,CO,84.47,15.53,0,0,0,0,12/8/2015,12/14/2015,1
12/1/2015,CO,84.47,15.53,0,0,0,0,12/1/2015,12/7/2015,1
11/24/2015,CO,82.89,17.11,0,0,0,0,11/24/2015,11/30/2015,1
11/17/2015,CO,82.15,17.85,0,0,0,0,11/17/2015,11/23/2015,1
11/10/2015,CO,79.91,20.09,0,0,0,0,11/10/2015,11/16/2015,1
11/3/2015,CO,71.27,28.73,0,0,0,0,11/3/2015,11/9/2015,1
10/27/2015,CO,68.15,31.85,0,0,0,0,10/27/2015,11/2/2015,1
10/20/2015,CO,53.54,46.46,0,0,0,0,10/20/2015,10/26/2015,1
10/13/2015,CO,65.61,34.39,0,0,0,0,10/13/2015,10/19/2015,1
10/6/2015,CO,71.49,28.51,0,0,0,0,10/6/2015,10/12/2015,1
9/29/2015,CO,71.49,28.51,0,0,0,0,9/29/2015,10/5/2015,1
9/22/2015,CO,74.43,25.57,0,0,0,0,9/22/2015,9/28/2015,1
9/15/2015,CO,89.49,10.51,0,0,0,0,9/15/2015,9/21/2015,1
9/8/2015,CO,89.55,10.45,0,0,0,0,9/8/2015,9/14/2015,1
9/1/2015,CO,97.01,2.99,0,0,0,0,9/1/2015,9/7/2015,1
8/25/2015,CO,97.96,2.04,0,0,0,0,8/25/2015,8/31/2015,1
8/18/2015,CO,97.96,2.04,0,0,0,0,8/18/2015,8/24/2015,1
8/11/2015,CO,97.96,2.04,0,0,0,0,8/11/2015,8/17/2015,1
8/4/2015,CO,97.95,2.05,0,0,0,0,8/4/2015,8/10/2015,1
7/28/2015,CO,97.95,2.05,0,0,0,0,7/28/2015,8/3/2015,1
7/21/2015,CO,97.96,2.04,0,0,0,0,7/21/2015,7/27/2015,1
7/14/2015,CO,97.96,2.04,0,0,0,0,7/14/2015,7/20/2015,1
7/7/2015,CO,74.22,25.78,0,0,0,0,7/7/2015,7/13/2015,1
6/30/2015,CO,74.22,25.78,0,0,0,0,6/30/2015,7/6/2015,1
6/23/2015,CO,74.22,25.78,0,0,0,0,6/23/2015,6/29/2015,1
6/16/2015,CO,74.22,25.78,0,0,0,0,6/16/2015,6/22/2015,1
6/9/2015,CO,60.25,39.75,2.81,0,0,0,6/9/2015,6/15/2015,1
6/2/2015,CO,60.25,39.75,16.73,0,0,0,6/2/2015,6/8/2015,1
5/26/2015,CO,58.23,41.77,16.96,0,0,0,5/26/2015,6/1/2015,1
5/19/2015,CO,43.28,56.72,39.64,6.46,0,0,5/19/2015,5/25/2015,1
5/12/2015,CO,42.49,57.51,49.14,20.25,0,0,5/12/2015,5/18/2015,1
5/5/2015,CO,42.17,57.83,50.5,31.78,0,0,5/5/2015,5/11/2015,1
4/28/2015,CO,41.76,58.24,50.86,35.92,0,0,4/28/2015,5/4/2015,1
4/21/2015,CO,40.41,59.59,51.32,39.06,0.05,0,4/21/2015,4/27/2015,1
4/14/2015,CO,25.49,74.51,51.74,39.75,0,0,4/14/2015,4/20/2015,1
4/7/2015,CO,25.49,74.51,51.74,39.75,0,0,4/7/2015,4/13/2015,1
3/31/2015,CO,32.22,67.78,51.74,39.75,0,0,3/31/2015,4/6/2015,1
3/24/2015,CO,32.22,67.78,51.62,21.71,0,0,3/24/2015,3/30/2015,1
3/17/2015,CO,36.34,63.66,51.51,12.2,0,0,3/17/2015,3/23/2015,1
3/10/2015,CO,36.97,63.03,51.51,12.2,0,0,3/10/2015,3/16/2015,1
3/3/2015,CO,36.97,63.03,51.46,12.2,0,0,3/3/2015,3/9/2015,1
2/24/2015,CO,36.97,63.03,51.46,12.2,0,0,2/24/2015,3/2/2015,1
2/17/2015,CO,36.97,63.03,51.46,12.2,0,0,2/17/2015,2/23/2015,1
2/10/2015,CO,36.97,63.03,21.43,12.2,0,0,2/10/2015,2/16/2015,1
2/3/2015,CO,36.97,63.03,21.43,12.26,0,0,2/3/2015,2/9/2015,1
1/27/2015,CO,51.98,48.02,21.43,12.26,0,0,1/27/2015,2/2/2015,1
1/20/2015,CO,69.87,30.13,21.43,12.26,0,0,1/20/2015,1/26/2015,1
1/13/2015,CO,69.87,30.13,21.26,12.26,0,0,1/13/2015,1/19/2015,1
1/6/2015,CO,69.87,30.13,21.26,12.26,0,0,1/6/2015,1/12/2015,1
12/30/2014,CO,69.87,30.13,21.26,12.26,0,0,12/30/2014,1/5/2015,1
12/23/2014,CO,69.87,30.13,21.26,12.26,0,0,12/23/2014,12/29/2014,1
12/16/2014,CO,69.87,30.13,21.26,12.26,0,0,12/16/2014,12/22/2014,1
12/9/2014,CO,69.87,30.13,21.26,12.26,0,0,12/9/2014,12/15/2014,1
12/2/2014,CO,69.87,30.13,21.26,12.26,0,0,12/2/2014,12/8/2014,1
11/25/2014,CO,69.87,30.13,21.26,12.26,0,0,11/25/2014,12/1/2014,1
11/18/2014,CO,70,30,21.26,12.26,0,0,11/18/2014,11/24/2014,1
11/11/2014,CO,70,30,21.26,12.26,0,0,11/11/2014,11/17/2014,1
11/4/2014,CO,69.92,30.08,21.28,12.26,0,0,11/4/2014,11/10/2014,1
10/28/2014,CO,69.94,30.06,21.28,12.26,0,0,10/28/2014,11/3/2014,1
10/21/2014,CO,69.97,30.03,21.28,12.26,0,0,10/21/2014,10/27/2014,1
10/14/2014,CO,69.97,30.03,21.28,12.26,0,0,10/14/2014,10/20/2014,1
10/7/2014,CO,69.29,30.71,22.01,13.82,2.28,0,10/7/2014,10/13/2014,1
9/30/2014,CO,68.96,31.04,22.94,13.82,2.31,0,9/30/2014,10/6/2014,1
9/23/2014,CO,66.51,33.49,24,14.11,2.33,0,9/23/2014,9/29/2014,1
9/16/2014,CO,63.98,36.02,25.12,15.56,2.67,0,9/16/2014,9/22/2014,1
9/9/2014,CO,63.14,36.86,25.25,15.58,2.67,0,9/9/2014,9/15/2014,1
9/2/2014,CO,63.14,36.86,25.35,15.58,2.67,0,9/2/2014,9/8/2014,1
8/26/2014,CO,60.21,39.79,26.31,15.58,2.67,0,8/26/2014,9/1/2014,1
8/19/2014,CO,59.9,40.1,26.79,15.58,2.67,0,8/19/2014,8/25/2014,1
8/12/2014,CO,59.9,40.1,26.95,15.58,2.67,0,8/12/2014,8/18/2014,1
8/5/2014,CO,59.92,40.08,26.96,15.52,2.67,0.52,8/5/2014,8/11/2014,1
7/29/2014,CO,59.92,40.08,27.03,15.55,3.18,0.92,7/29/2014,8/4/2014,1
7/22/2014,CO,59.92,40.08,26.66,15.55,3.74,0.92,7/22/2014,7/28/2014,1
7/15/2014,CO,58.79,41.21,28.08,16.67,5.43,0.92,7/15/2014,7/21/2014,1
7/8/2014,CO,54.12,45.88,29.88,17.3,7.99,1.22,7/8/2014,7/14/2014,1
7/1/2014,CO,54.12,45.88,25.85,17.3,9.32,1.89,7/1/2014,7/7/2014,1
6/24/2014,CO,50.84,49.16,26.49,17.3,9.32,1.89,6/24/2014,6/30/2014,1
6/17/2014,CO,50.84,49.16,26.49,17.3,9.31,1.89,6/17/2014,6/23/2014,1
6/10/2014,CO,50.86,49.14,25.38,16.56,9.33,1.89,6/10/2014,6/16/2014,1
6/3/2014,CO,50.27,49.73,30.04,18.85,12.49,1.89,6/3/2014,6/9/2014,1
5/27/2014,CO,44.71,55.29,30.04,18.86,12.49,1.93,5/27/2014,6/2/2014,1
5/20/2014,CO,44.71,55.29,32.79,18.86,12.49,1.93,5/20/2014,5/26/2014,1
5/13/2014,CO,44.71,55.29,32.79,18.86,12.49,1.91,5/13/2014,5/19/2014,1
5/6/2014,CO,36.4,63.6,31.93,18.85,8.38,1.89,5/6/2014,5/12/2014,1
4/29/2014,CO,36.4,63.6,29.64,18.77,8.38,1.89,4/29/2014,5/5/2014,1
4/22/2014,CO,39.35,60.65,24.09,16.14,7.38,1.89,4/22/2014,4/28/2014,1
4/15/2014,CO,38.49,61.51,24.29,16.14,6.87,1.47,4/15/2014,4/21/2014,1
4/8/2014,CO,38.38,61.62,23.4,15.06,6.9,1.47,4/8/2014,4/14/2014,1
4/1/2014,CO,38.38,61.62,23.4,14.93,6.9,1.47,4/1/2014,4/7/2014,1
3/25/2014,CO,38.38,61.62,22.62,14.93,5.66,1.47,3/25/2014,3/31/2014,1
3/18/2014,CO,38.9,61.1,21.62,13.69,5.58,1.47,3/18/2014,3/24/2014,1
3/11/2014,CO,38.9,61.1,21.36,13.54,4.23,1.47,3/11/2014,3/17/2014,1
3/4/2014,CO,27.67,72.33,22.33,13.54,4.23,1.47,3/4/2014,3/10/2014,1
2/25/2014,CO,27.32,72.68,22.41,13.51,4.06,1.47,2/25/2014,3/3/2014,1
2/18/2014,CO,25.06,74.94,22.62,13.82,4.06,1.47,2/18/2014,2/24/2014,1
2/11/2014,CO,25.06,74.94,22.62,13.82,4.06,1.47,2/11/2014,2/17/2014,1
2/4/2014,CO,25.06,74.94,22.62,13.82,4.06,1.47,2/4/2014,2/10/2014,1
1/28/2014,CO,25.06,74.94,22.62,13.82,4.06,1.47,1/28/2014,2/3/2014,1
1/21/2014,CO,31.96,68.04,22.52,13.56,4.01,1.47,1/21/2014,1/27/2014,1
1/14/2014,CO,31.96,68.04,22.52,13.56,4.01,1.47,1/14/2014,1/20/2014,1
1/7/2014,CO,32.04,67.96,22.33,13.56,4.01,1.47,1/7/2014,1/13/2014,1
12/31/2013,CO,32.04,67.96,22.33,13.56,4.01,1.47,12/31/2013,1/6/2014,1
12/24/2013,CO,32.04,67.96,22.33,13.56,4.66,1.47,12/24/2013,12/30/2013,1
12/17/2013,CO,32.04,67.96,20.95,12.5,4.01,1.47,12/17/2013,12/23/2013,1
12/10/2013,CO,32.04,67.96,20.95,12.02,4.01,1.47,12/10/2013,12/16/2013,1
12/3/2013,CO,32.04,67.96,20.95,12.01,4.01,1.47,12/3/2013,12/9/2013,1
11/26/2013,CO,32.04,67.96,20.95,12.01,4.01,1.47,11/26/2013,12/2/2013,1
11/19/2013,CO,26.04,73.96,21.01,12.01,4.01,1.47,11/19/2013,11/25/2013,1
11/12/2013,CO,26.04,73.96,21.01,12.01,4.01,1.47,11/12/2013,11/18/2013,1
11/5/2013,CO,26.04,73.96,21.04,12.01,4.01,1.47,11/5/2013,11/11/2013,1
10/29/2013,CO,24.82,75.18,26.62,12.01,4.01,1.47,10/29/2013,11/4/2013,1
10/22/2013,CO,24.82,75.18,26.62,12.01,4.01,1.47,10/22/2013,10/28/2013,1
10/15/2013,CO,24.72,75.28,33.43,12.01,4.01,1.47,10/15/2013,10/21/2013,1
10/8/2013,CO,24.89,75.11,38.35,12.01,4.01,1.47,10/8/2013,10/14/2013,1
10/1/2013,CO,24.91,75.09,37.88,12.01,4.01,1.47,10/1/2013,10/7/2013,1
9/24/2013,CO,19.96,80.04,40.26,15.75,4.01,1.47,9/24/2013,9/30/2013,1
9/17/2013,CO,15.79,84.21,64.59,16.99,4.01,1.47,9/17/2013,9/23/2013,1
9/10/2013,CO,1.97,98.03,93.08,58.3,18.65,3.01,9/10/2013,9/16/2013,1
9/3/2013,CO,1.91,98.09,93.75,59.65,21.67,3.01,9/3/2013,9/9/2013,1
8/27/2013,CO,1.91,98.09,93.81,59.65,22.17,2.48,8/27/2013,9/2/2013,1
8/20/2013,CO,1.53,98.47,93.81,61.74,25.07,2.9,8/20/2013,8/26/2013,1
8/13/2013,CO,1.53,98.47,93.82,68.72,26.33,3.04,8/13/2013,8/19/2013,1
8/6/2013,CO,0,100,93.43,71.62,27.18,8.18,8/6/2013,8/12/2013,1
7/30/2013,CO,0,100,95.26,81.43,31.51,15.32,7/30/2013,8/5/2013,1
7/23/2013,CO,0,100,95.49,83.12,31.17,16.72,7/23/2013,7/29/2013,1
7/16/2013,CO,0,100,98.12,83.12,33.91,16.72,7/16/2013,7/22/2013,1
7/9/2013,CO,0,100,100,83.12,39.2,17.54,7/9/2013,7/15/2013,1
7/2/2013,CO,0,100,100,83.12,39.2,17.54,7/2/2013,7/8/2013,1
6/25/2013,CO,0,100,100,79.46,39.21,17.54,6/25/2013,7/1/2013,1
6/18/2013,CO,0,100,100,75.28,35.5,17.54,6/18/2013,6/24/2013,1
6/11/2013,CO,0,100,93.18,72.19,26.51,15.91,6/11/2013,6/17/2013,1
6/4/2013,CO,0,100,93.18,72.32,26.51,15.84,6/4/2013,6/10/2013,1
5/28/2013,CO,0,100,93.18,71.71,23.85,15.84,5/28/2013,6/3/2013,1
5/21/2013,CO,0,100,93.18,71.71,23.84,15.84,5/21/2013,5/27/2013,1
5/14/2013,CO,0,100,93.18,71.71,24.53,15.84,5/14/2013,5/20/2013,1
5/7/2013,CO,0,100,95.49,75.99,26.97,17.93,5/7/2013,5/13/2013,1
4/30/2013,CO,0,100,100,78.08,26.98,17.51,4/30/2013,5/6/2013,1
4/23/2013,CO,0,100,100,78.08,32.19,16.24,4/23/2013,4/29/2013,1
4/16/2013,CO,0,100,100,84.78,38.37,13.63,4/16/2013,4/22/2013,1
4/9/2013,CO,0,100,100,88.97,45.92,13.63,4/9/2013,4/15/2013,1
4/2/2013,CO,0,100,100,88.97,45.98,13.83,4/2/2013,4/8/2013,1
3/26/2013,CO,0,100,100,88.97,45.98,13.83,3/26/2013,4/1/2013,1
3/19/2013,CO,0,100,100,88.97,48.06,21.22,3/19/2013,3/25/2013,1
3/12/2013,CO,0,100,100,88.97,48.06,21.22,3/12/2013,3/18/2013,1
3/5/2013,CO,0,100,100,88.99,48.04,21.22,3/5/2013,3/11/2013,1
2/26/2013,CO,0,100,100,91.3,51.14,24.92,2/26/2013,3/4/2013,1
2/19/2013,CO,0,100,100,91.3,51.14,24.92,2/19/2013,2/25/2013,1
2/12/2013,CO,0,100,100,91.3,50.99,24.92,2/12/2013,2/18/2013,1
2/5/2013,CO,0,100,100,100,54.29,24.92,2/5/2013,2/11/2013,1
1/29/2013,CO,0,100,100,100,58.58,13.5,1/29/2013,2/4/2013,1
1/22/2013,CO,0,100,100,100,58.64,13.5,1/22/2013,1/28/2013,1
1/15/2013,CO,0,100,100,100,58.64,13.5,1/15/2013,1/21/2013,1
1/8/2013,CO,0,100,100,95.06,53.47,13.48,1/8/2013,1/14/2013,1
1/1/2013,CO,0,100,100,95.06,53.47,13.48,1/1/2013,1/7/2013,1
12/25/2012,CO,0,100,100,95.06,53.47,13.48,12/25/2012,12/31/2012,1
12/18/2012,CO,0,100,100,95.06,53.47,13.48,12/18/2012,12/24/2012,1
12/11/2012,CO,0,100,100,95.06,53.43,13.48,12/11/2012,12/17/2012,1
12/4/2012,CO,0,100,100,95.06,53.43,13.48,12/4/2012,12/10/2012,1
11/27/2012,CO,0,100,100,93.27,51.05,12.56,11/27/2012,12/3/2012,1
11/20/2012,CO,0,100,100,91.52,48.56,12.56,11/20/2012,11/26/2012,1
11/13/2012,CO,0,100,100,91.52,48.56,12.5,11/13/2012,11/19/2012,1
11/6/2012,CO,0,100,100,91.33,48.56,13.69,11/6/2012,11/12/2012,1
10/30/2012,CO,0,100,100,91.33,51.05,14.01,10/30/2012,11/5/2012,1
10/23/2012,CO,0,100,100,91.36,51.05,14.01,10/23/2012,10/29/2012,1
10/16/2012,CO,0,100,100,91.36,51.05,14.01,10/16/2012,10/22/2012,1
10/9/2012,CO,0,100,100,91.93,53.07,14.02,10/9/2012,10/15/2012,1
10/2/2012,CO,0,100,100,97.91,55.48,16.4,10/2/2012,10/8/2012,1
9/25/2012,CO,0,100,100,100,61.75,16.89,9/25/2012,10/1/2012,1
9/18/2012,CO,0,100,100,100,61.75,16.89,9/18/2012,9/24/2012,1
9/11/2012,CO,0,100,100,100,61.95,16.13,9/11/2012,9/17/2012,1
9/4/2012,CO,0,100,100,100,64.08,13.76,9/4/2012,9/10/2012,1
8/28/2012,CO,0,100,100,99.96,67.31,12.3,8/28/2012,9/3/2012,1
8/21/2012,CO,0,100,100,99.96,68.38,9.64,8/21/2012,8/27/2012,1
8/14/2012,CO,0,100,100,99.96,68.37,9.19,8/14/2012,8/20/2012,1
8/7/2012,CO,0,100,100,99.96,65.46,5.67,8/7/2012,8/13/2012,1
7/31/2012,CO,0,100,100,99.7,65.35,3.27,7/31/2012,8/6/2012,1
7/24/2012,CO,0,100,100,99.7,73.67,2.82,7/24/2012,7/30/2012,1
7/17/2012,CO,0,100,100,100,70.46,1.77,7/17/2012,7/23/2012,1
7/10/2012,CO,0,100,100,99.98,70.46,5.52,7/10/2012,7/16/2012,1
7/3/2012,CO,0,100,100,100,70.69,5.52,7/3/2012,7/9/2012,1
6/26/2012,CO,0,100,100,97.72,45.83,0,6/26/2012,7/2/2012,1
6/19/2012,CO,0,100,97.71,60.96,26.63,0,6/19/2012,6/25/2012,1
6/12/2012,CO,0,100,90.92,43.07,20.24,0,6/12/2012,6/18/2012,1
6/5/2012,CO,0,100,75.98,35.29,11.02,0,6/5/2012,6/11/2012,1
5/29/2012,CO,0,100,75.98,34.43,9.89,0,5/29/2012,6/4/2012,1
5/22/2012,CO,4.44,95.56,68.59,29.6,7.27,0,5/22/2012,5/28/2012,1
5/15/2012,CO,5.15,94.85,64.57,28.49,0,0,5/15/2012,5/21/2012,1
5/8/2012,CO,5.13,94.87,61.81,29.4,0,0,5/8/2012,5/14/2012,1
5/1/2012,CO,5.17,94.83,61.66,29.4,0,0,5/1/2012,5/7/2012,1
4/24/2012,CO,5.17,94.83,61.82,26,0,0,4/24/2012,4/30/2012,1
4/17/2012,CO,5.17,94.83,59.85,25.93,0,0,4/17/2012,4/23/2012,1
4/10/2012,CO,5.17,94.83,55.94,17.09,0,0,4/10/2012,4/16/2012,1
4/3/2012,CO,0,100,55.48,18.5,0.15,0,4/3/2012,4/9/2012,1
3/27/2012,CO,2.25,97.75,50.97,9.26,0.15,0,3/27/2012,4/2/2012,1
3/20/2012,CO,28.97,71.03,42.6,8.37,0.21,0,3/20/2012,3/26/2012,1
3/13/2012,CO,28.97,71.03,42.6,8.3,0.21,0,3/13/2012,3/19/2012,1
3/6/2012,CO,29.81,70.19,41.22,8.41,0.21,0,3/6/2012,3/12/2012,1
2/28/2012,CO,30.48,69.52,40.94,8.41,0.21,0,2/28/2012,3/5/2012,1
2/21/2012,CO,30.48,69.52,41.16,10.67,0.21,0,2/21/2012,2/27/2012,1
2/14/2012,CO,30.48,69.52,41.07,10.67,0.21,0,2/14/2012,2/20/2012,1
2/7/2012,CO,30.48,69.52,41.07,10.6,0.21,0,2/7/2012,2/13/2012,1
1/31/2012,CO,29.16,70.84,41.13,10.6,0.2,0,1/31/2012,2/6/2012,1
1/24/2012,CO,29.16,70.84,41.13,10.6,0.2,0,1/24/2012,1/30/2012,1
1/17/2012,CO,39.42,60.58,24.98,10.6,0.2,0,1/17/2012,1/23/2012,1
1/10/2012,CO,58.24,41.76,24.98,10.6,0.04,0,1/10/2012,1/16/2012,1
1/3/2012,CO,65.37,34.63,24.98,10.6,0.04,0,1/3/2012,1/9/2012,1
12/27/2011,CO,67.79,32.21,24.98,14.94,0.04,0,12/27/2011,1/2/2012,1
12/20/2011,CO,67.79,32.21,24.98,14.94,0.04,0,12/20/2011,12/26/2011,1
12/13/2011,CO,67.79,32.21,24.98,14.94,1.33,0.16,12/13/2011,12/19/2011,1
12/6/2011,CO,66.7,33.3,25.71,17.3,1.33,0.16,12/6/2011,12/12/2011,1
11/29/2011,CO,65.96,34.04,26.04,17.43,1.65,0.39,11/29/2011,12/5/2011,1
11/22/2011,CO,65.67,34.33,26.27,17.48,1.85,0.63,11/22/2011,11/28/2011,1
11/15/2011,CO,65.67,34.33,26.27,17.48,1.85,0.63,11/15/2011,11/21/2011,1
11/8/2011,CO,65.98,34.02,26.18,17.44,1.85,0.59,11/8/2011,11/14/2011,1
11/1/2011,CO,64.45,35.55,27.52,19.88,3.11,0.57,11/1/2011,11/7/2011,1
10/25/2011,CO,64.3,35.7,27.41,19.99,6.46,0.57,10/25/2011,10/31/2011,1
10/18/2011,CO,64.3,35.7,27.41,19.99,6.46,0.57,10/18/2011,10/24/2011,1
10/11/2011,CO,62.59,37.41,27.42,19.99,6.46,0.57,10/11/2011,10/17/2011,1
10/4/2011,CO,60.65,39.35,27.69,19.99,7.89,0.57,10/4/2011,10/10/2011,1
9/27/2011,CO,60.62,39.38,27.69,19.99,7.88,0.56,9/27/2011,10/3/2011,1
9/20/2011,CO,60.62,39.38,27.69,19.99,7.88,0.56,9/20/2011,9/26/2011,1
9/13/2011,CO,47.15,52.85,29.54,22.93,8.63,0.56,9/13/2011,9/19/2011,1
9/6/2011,CO,51,49,29.1,22.93,8.7,1.51,9/6/2011,9/12/2011,1
8/30/2011,CO,50.45,49.55,29.07,23.16,8.7,1.51,8/30/2011,9/5/2011,1
8/23/2011,CO,56.44,43.56,28.66,23.06,11.94,1.19,8/23/2011,8/29/2011,1
8/16/2011,CO,61.06,38.94,30.11,24.84,18.43,1.23,8/16/2011,8/22/2011,1
8/9/2011,CO,61.06,38.94,30.11,24.84,18.37,1.45,8/9/2011,8/15/2011,1
8/2/2011,CO,57.9,42.1,31.98,26.31,18.74,2.17,8/2/2011,8/8/2011,1
7/26/2011,CO,55.8,44.2,32.29,26.55,18.53,2.17,7/26/2011,8/1/2011,1
7/19/2011,CO,55.8,44.2,32.29,27.21,17.81,2.23,7/19/2011,7/25/2011,1
7/12/2011,CO,54.57,45.43,32.64,27.21,16.88,2.22,7/12/2011,7/18/2011,1
7/5/2011,CO,49.31,50.69,34.84,29.02,16.64,1.57,7/5/2011,7/11/2011,1
6/28/2011,CO,49.91,50.09,34.36,28.89,16.64,0.91,6/28/2011,7/4/2011,1
6/21/2011,CO,59.62,40.38,31.54,25.86,11.95,0.91,6/21/2011,6/27/2011,1
6/14/2011,CO,58.84,41.16,31.89,26.5,13.01,0.91,6/14/2011,6/20/2011,1
6/7/2011,CO,59.67,40.33,31.89,25.19,9.62,0.91,6/7/2011,6/13/2011,1
5/31/2011,CO,59.67,40.33,31.89,25.19,7.78,0.91,5/31/2011,6/6/2011,1
5/24/2011,CO,52.49,47.51,36.32,26.22,7.55,0.88,5/24/2011,5/30/2011,1
5/17/2011,CO,42.6,57.4,45.12,31.1,7.53,0.34,5/17/2011,5/23/2011,1
5/10/2011,CO,39.59,60.41,52.58,40.72,3.25,0,5/10/2011,5/16/2011,1
5/3/2011,CO,39.57,60.43,52.55,40.72,3.24,0,5/3/2011,5/9/2011,1
4/26/2011,CO,39.57,60.43,52.55,40.61,3.03,0,4/26/2011,5/2/2011,1
4/19/2011,CO,39.57,60.43,54.13,42.86,1.12,0,4/19/2011,4/25/2011,1
4/12/2011,CO,39.57,60.43,54.13,40.88,0,0,4/12/2011,4/18/2011,1
4/5/2011,CO,40.11,59.89,54.2,41.58,0,0,4/5/2011,4/11/2011,1
3/29/2011,CO,40.99,59.01,53.08,39.67,0,0,3/29/2011,4/4/2011,1
3/22/2011,CO,40.99,59.01,52.02,39.6,0,0,3/22/2011,3/28/2011,1
3/15/2011,CO,41.65,58.35,51.5,35.33,0,0,3/15/2011,3/21/2011,1
3/8/2011,CO,41.65,58.35,52.08,35.24,0,0,3/8/2011,3/14/2011,1
3/1/2011,CO,41.65,58.35,52.14,35.24,0,0,3/1/2011,3/7/2011,1
2/22/2011,CO,41.65,58.35,50.64,8.93,0,0,2/22/2011,2/28/2011,1
2/15/2011,CO,41.65,58.35,49.57,8.93,0,0,2/15/2011,2/21/2011,1
2/8/2011,CO,41.65,58.35,49.57,10.13,0,0,2/8/2011,2/14/2011,1
2/1/2011,CO,41.65,58.35,49.57,10.13,0,0,2/1/2011,2/7/2011,1
1/25/2011,CO,41.65,58.35,49.57,10.13,0,0,1/25/2011,1/31/2011,1
1/18/2011,CO,41.65,58.35,49.57,10.13,0,0,1/18/2011,1/24/2011,1
1/11/2011,CO,41.48,58.52,49.57,10.13,0,0,1/11/2011,1/17/2011,1
1/4/2011,CO,41.48,58.52,49.57,10.13,0,0,1/4/2011,1/10/2011,1
12/28/2010,CO,40.4,59.6,49.57,10.13,0,0,12/28/2010,1/3/2011,1
12/21/2010,CO,37.45,62.55,48.28,10.13,0,0,12/21/2010,12/27/2010,1
12/14/2010,CO,35.2,64.8,48.8,10.07,0,0,12/14/2010,12/20/2010,1
12/7/2010,CO,41.1,58.9,38.73,9.95,0,0,12/7/2010,12/13/2010,1
11/30/2010,CO,39.79,60.21,38.73,9.95,0,0,11/30/2010,12/6/2010,1
11/23/2010,CO,40.03,59.97,38.63,0,0,0,11/23/2010,11/29/2010,1
11/16/2010,CO,30.29,69.71,38.67,0,0,0,11/16/2010,11/22/2010,1
11/9/2010,CO,25.08,74.92,38.69,0,0,0,11/9/2010,11/15/2010,1
11/2/2010,CO,30.27,69.73,27.85,0,0,0,11/2/2010,11/8/2010,1
10/26/2010,CO,30.27,69.73,27.85,0,0,0,10/26/2010,11/1/2010,1
10/19/2010,CO,28.31,71.69,17.85,0,0,0,10/19/2010,10/25/2010,1
10/12/2010,CO,28.31,71.69,13.78,0,0,0,10/12/2010,10/18/2010,1
10/5/2010,CO,28.86,71.14,13.78,0,0,0,10/5/2010,10/11/2010,1
9/28/2010,CO,28.86,71.14,10.7,0,0,0,9/28/2010,10/4/2010,1
9/21/2010,CO,46.23,53.77,0,0,0,0,9/21/2010,9/27/2010,1
9/14/2010,CO,65.39,34.61,0,0,0,0,9/14/2010,9/20/2010,1
9/7/2010,CO,73.83,26.17,0,0,0,0,9/7/2010,9/13/2010,1
8/31/2010,CO,87.07,12.93,0,0,0,0,8/31/2010,9/6/2010,1
8/24/2010,CO,87.07,12.93,0,0,0,0,8/24/2010,8/30/2010,1
8/17/2010,CO,87.07,12.93,0,0,0,0,8/17/2010,8/23/2010,1
8/10/2010,CO,83.63,16.37,0,0,0,0,8/10/2010,8/16/2010,1
8/3/2010,CO,82.95,17.05,0,0,0,0,8/3/2010,8/9/2010,1
7/27/2010,CO,78.84,21.16,0,0,0,0,7/27/2010,8/2/2010,1
7/20/2010,CO,77.25,22.75,0,0,0,0,7/20/2010,7/26/2010,1
7/13/2010,CO,77.8,22.2,0,0,0,0,7/13/2010,7/19/2010,1
7/6/2010,CO,77.8,22.2,0,0,0,0,7/6/2010,7/12/2010,1
6/29/2010,CO,77.76,22.24,0,0,0,0,6/29/2010,7/5/2010,1
6/22/2010,CO,79.25,20.75,0,0,0,0,6/22/2010,6/28/2010,1
6/15/2010,CO,84.38,15.62,0,0,0,0,6/15/2010,6/21/2010,1
6/8/2010,CO,81.04,18.96,0.25,0,0,0,6/8/2010,6/14/2010,1
6/1/2010,CO,83.28,16.72,0.23,0,0,0,6/1/2010,6/7/2010,1
5/25/2010,CO,83.28,16.72,0.23,0,0,0,5/25/2010,5/31/2010,1
5/18/2010,CO,82.75,17.25,1.93,0,0,0,5/18/2010,5/24/2010,1
5/11/2010,CO,82.81,17.19,2.25,0,0,0,5/11/2010,5/17/2010,1
5/4/2010,CO,82.75,17.25,2.25,0,0,0,5/4/2010,5/10/2010,1
4/27/2010,CO,82.75,17.25,2.25,0,0,0,4/27/2010,5/3/2010,1
4/20/2010,CO,82.75,17.25,2.25,0,0,0,4/20/2010,4/26/2010,1
4/13/2010,CO,82.5,17.5,2.26,0,0,0,4/13/2010,4/19/2010,1
4/6/2010,CO,81.63,18.37,2.9,0,0,0,4/6/2010,4/12/2010,1
3/30/2010,CO,81.63,18.37,3.16,0,0,0,3/30/2010,4/5/2010,1
3/23/2010,CO,79.15,20.85,3.86,0,0,0,3/23/2010,3/29/2010,1
3/16/2010,CO,78.8,21.2,3.86,0,0,0,3/16/2010,3/22/2010,1
3/9/2010,CO,79.46,20.54,0.24,0,0,0,3/9/2010,3/15/2010,1
3/2/2010,CO,76.79,23.21,0.24,0,0,0,3/2/2010,3/8/2010,1
2/23/2010,CO,76.79,23.21,0.24,0,0,0,2/23/2010,3/1/2010,1
2/16/2010,CO,68.21,31.79,0,0,0,0,2/16/2010,2/22/2010,1
2/9/2010,CO,68.18,31.82,0,0,0,0,2/9/2010,2/15/2010,1
2/2/2010,CO,68.18,31.82,0.09,0,0,0,2/2/2010,2/8/2010,1
1/26/2010,CO,67.38,32.62,0.39,0,0,0,1/26/2010,2/1/2010,1
1/19/2010,CO,64.23,35.77,7.99,0.37,0,0,1/19/2010,1/25/2010,1
1/12/2010,CO,64.23,35.77,7.99,0.37,0,0,1/12/2010,1/18/2010,1
1/5/2010,CO,69.22,30.78,7.52,0,0,0,1/5/2010,1/11/2010,1
12/29/2009,CO,69.22,30.78,7.52,0,0,0,12/29/2009,1/4/2010,1
12/22/2009,CO,69.22,30.78,7.52,0,0,0,12/22/2009,12/28/2009,1
12/15/2009,CO,69.22,30.78,7.52,0,0,0,12/15/2009,12/21/2009,1
12/8/2009,CO,71.01,28.99,7.52,0,0,0,12/8/2009,12/14/2009,1
12/1/2009,CO,70.99,29.01,7.52,0,0,0,12/1/2009,12/7/2009,1
11/24/2009,CO,70.99,29.01,7.52,0,0,0,11/24/2009,11/30/2009,1
11/17/2009,CO,74.87,25.13,6.75,0,0,0,11/17/2009,11/23/2009,1
11/10/2009,CO,74.87,25.13,6.75,0,0,0,11/10/2009,11/16/2009,1
11/3/2009,CO,75.19,24.81,6.81,0,0,0,11/3/2009,11/9/2009,1
10/27/2009,CO,75.19,24.81,6.81,0,0,0,10/27/2009,11/2/2009,1
10/20/2009,CO,68.85,31.15,6.81,1.5,0,0,10/20/2009,10/26/2009,1
10/13/2009,CO,68.85,31.15,6.81,1.5,0,0,10/13/2009,10/19/2009,1
10/6/2009,CO,68.85,31.15,3.49,0,0,0,10/6/2009,10/12/2009,1
9/29/2009,CO,68.85,31.15,3.49,0,0,0,9/29/2009,10/5/2009,1
9/22/2009,CO,68.85,31.15,2.07,0,0,0,9/22/2009,9/28/2009,1
9/15/2009,CO,54.19,45.81,0.1,0,0,0,9/15/2009,9/21/2009,1
9/8/2009,CO,54.05,45.95,0.34,0,0,0,9/8/2009,9/14/2009,1
9/1/2009,CO,75.14,24.86,0,0,0,0,9/1/2009,9/7/2009,1
8/25/2009,CO,79.93,20.07,0,0,0,0,8/25/2009,8/31/2009,1
8/18/2009,CO,93.13,6.87,0,0,0,0,8/18/2009,8/24/2009,1
8/11/2009,CO,93.13,6.87,0,0,0,0,8/11/2009,8/17/2009,1
8/4/2009,CO,99.72,0.28,0,0,0,0,8/4/2009,8/10/2009,1
7/28/2009,CO,99.72,0.28,0,0,0,0,7/28/2009,8/3/2009,1
7/21/2009,CO,91.28,8.72,0,0,0,0,7/21/2009,7/27/2009,1
7/14/2009,CO,91.28,8.72,0,0,0,0,7/14/2009,7/20/2009,1
7/7/2009,CO,92.67,7.33,0,0,0,0,7/7/2009,7/13/2009,1
6/30/2009,CO,86.61,13.39,0,0,0,0,6/30/2009,7/6/2009,1
6/23/2009,CO,86.61,13.39,0,0,0,0,6/23/2009,6/29/2009,1
6/16/2009,CO,86.05,13.95,0,0,0,0,6/16/2009,6/22/2009,1
6/9/2009,CO,86.08,13.92,0,0,0,0,6/9/2009,6/15/2009,1
6/2/2009,CO,86.08,13.92,0,0,0,0,6/2/2009,6/8/2009,1
5/26/2009,CO,86.15,13.85,0,0,0,0,5/26/2009,6/1/2009,1
5/19/2009,CO,56.12,43.88,6.47,0,0,0,5/19/2009,5/25/2009,1
5/12/2009,CO,56.27,43.73,6.47,0,0,0,5/12/2009,5/18/2009,1
5/5/2009,CO,55.82,44.18,6.47,0,0,0,5/5/2009,5/11/2009,1
4/28/2009,CO,55.81,44.19,6.47,0,0,0,4/28/2009,5/4/2009,1
4/21/2009,CO,55.81,44.19,6.47,0,0,0,4/21/2009,4/27/2009,1
4/14/2009,CO,33.6,66.4,12.79,0,0,0,4/14/2009,4/20/2009,1
4/7/2009,CO,36.81,63.19,12.79,0,0,0,4/7/2009,4/13/2009,1
3/31/2009,CO,29.74,70.26,21.09,0.09,0,0,3/31/2009,4/6/2009,1
3/24/2009,CO,29.74,70.26,24.71,0.07,0,0,3/24/2009,3/30/2009,1
3/17/2009,CO,36.37,63.63,21.02,0,0,0,3/17/2009,3/23/2009,1
3/10/2009,CO,36.37,63.63,15.19,0,0,0,3/10/2009,3/16/2009,1
3/3/2009,CO,36.37,63.63,15.19,0,0,0,3/3/2009,3/9/2009,1
2/24/2009,CO,36.83,63.17,6.19,0,0,0,2/24/2009,3/2/2009,1
2/17/2009,CO,36.83,63.17,6.15,0,0,0,2/17/2009,2/23/2009,1
2/10/2009,CO,36.83,63.17,6.15,0,0,0,2/10/2009,2/16/2009,1
2/3/2009,CO,34.69,65.31,6.15,0,0,0,2/3/2009,2/9/2009,1
1/27/2009,CO,34.6,65.4,6.15,0,0,0,1/27/2009,2/2/2009,1
1/20/2009,CO,34.43,65.57,6.08,0,0,0,1/20/2009,1/26/2009,1
1/13/2009,CO,34.43,65.57,6.08,0,0,0,1/13/2009,1/19/2009,1
1/6/2009,CO,26.6,73.4,5.91,0,0,0,1/6/2009,1/12/2009,1
12/30/2008,CO,23,77,5.91,0,0,0,12/30/2008,1/5/2009,1
12/23/2008,CO,9.26,90.74,9.87,0,0,0,12/23/2008,12/29/2008,1
12/16/2008,CO,9.26,90.74,9.87,0,0,0,12/16/2008,12/22/2008,1
12/9/2008,CO,9.26,90.74,9.87,0,0,0,12/9/2008,12/15/2008,1
12/2/2008,CO,9.26,90.74,9.87,0,0,0,12/2/2008,12/8/2008,1
11/25/2008,CO,22.53,77.47,5.91,0,0,0,11/25/2008,12/1/2008,1
11/18/2008,CO,22.53,77.47,5.91,0,0,0,11/18/2008,11/24/2008,1
11/11/2008,CO,43.25,56.75,5.91,0,0,0,11/11/2008,11/17/2008,1
11/4/2008,CO,43.19,56.81,6.05,0,0,0,11/4/2008,11/10/2008,1
10/28/2008,CO,43.19,56.81,6.05,0,0,0,10/28/2008,11/3/2008,1
10/21/2008,CO,43.14,56.86,6.13,0,0,0,10/21/2008,10/27/2008,1
10/14/2008,CO,43.26,56.74,6.12,0,0,0,10/14/2008,10/20/2008,1
10/7/2008,CO,43.04,56.96,12.69,3.36,0,0,10/7/2008,10/13/2008,1
9/30/2008,CO,43.04,56.96,12.69,3.36,0,0,9/30/2008,10/6/2008,1
9/23/2008,CO,43.04,56.96,12.69,3.36,0,0,9/23/2008,9/29/2008,1
9/16/2008,CO,43.04,56.96,12.69,2.75,0,0,9/16/2008,9/22/2008,1
9/9/2008,CO,42.09,57.91,17.9,3.68,0,0,9/9/2008,9/15/2008,1
9/2/2008,CO,42.09,57.91,17.9,3.68,0,0,9/2/2008,9/8/2008,1
8/26/2008,CO,42.09,57.91,17.9,3.68,0,0,8/26/2008,9/1/2008,1
8/19/2008,CO,42.09,57.91,17.9,3.68,0,0,8/19/2008,8/25/2008,1
8/12/2008,CO,32.92,67.08,38.93,10.87,3.29,0,8/12/2008,8/18/2008,1
8/5/2008,CO,30.65,69.35,44.4,14.72,4.3,0.65,8/5/2008,8/11/2008,1
7/29/2008,CO,47.11,52.89,35.95,11.59,4.3,0.65,7/29/2008,8/4/2008,1
7/22/2008,CO,47.11,52.89,34.21,11.59,4.3,0.65,7/22/2008,7/28/2008,1
7/15/2008,CO,47.35,52.65,27.54,10.74,2.47,0.74,7/15/2008,7/21/2008,1
7/8/2008,CO,47.35,52.65,17.36,7.6,2.47,0.77,7/8/2008,7/14/2008,1
7/1/2008,CO,47.35,52.65,21.78,7.6,2.47,0.22,7/1/2008,7/7/2008,1
6/24/2008,CO,47.35,52.65,21.78,7.6,2.47,0.22,6/24/2008,6/30/2008,1
6/17/2008,CO,47.35,52.65,21.78,7.6,2.47,0.22,6/17/2008,6/23/2008,1
6/10/2008,CO,62.26,37.74,12.88,3.68,1.38,0,6/10/2008,6/16/2008,1
6/3/2008,CO,64.69,35.31,12.76,2.19,0.44,0,6/3/2008,6/9/2008,1
5/27/2008,CO,64.69,35.31,12.76,2.19,0.44,0,5/27/2008,6/2/2008,1
5/20/2008,CO,63.58,36.42,18.78,2.54,0.48,0,5/20/2008,5/26/2008,1
5/13/2008,CO,63.58,36.42,16.54,0,0,0,5/13/2008,5/19/2008,1
5/6/2008,CO,63.58,36.42,16.54,0,0,0,5/6/2008,5/12/2008,1
4/29/2008,CO,60.57,39.43,16.62,0.14,0,0,4/29/2008,5/5/2008,1
4/22/2008,CO,60.67,39.33,16.62,0,0,0,4/22/2008,4/28/2008,1
4/15/2008,CO,60.67,39.33,16.62,0,0,0,4/15/2008,4/21/2008,1
4/8/2008,CO,61.48,38.52,16.98,0,0,0,4/8/2008,4/14/2008,1
4/1/2008,CO,61.21,38.79,6.35,0,0,0,4/1/2008,4/7/2008,1
3/25/2008,CO,61.21,38.79,6.35,0,0,0,3/25/2008,3/31/2008,1
3/18/2008,CO,61.21,38.79,6.35,0,0,0,3/18/2008,3/24/2008,1
3/11/2008,CO,61.21,38.79,6.06,0,0,0,3/11/2008,3/17/2008,1
3/4/2008,CO,61.21,38.79,3.78,0,0,0,3/4/2008,3/10/2008,1
2/26/2008,CO,59.36,40.64,3.79,0,0,0,2/26/2008,3/3/2008,1
2/19/2008,CO,59.36,40.64,3.79,0,0,0,2/19/2008,2/25/2008,1
2/12/2008,CO,59.36,40.64,3.79,0,0,0,2/12/2008,2/18/2008,1
2/5/2008,CO,59.36,40.64,4.14,0,0,0,2/5/2008,2/11/2008,1
1/29/2008,CO,59.36,40.64,4.14,0,0,0,1/29/2008,2/4/2008,1
1/22/2008,CO,59.36,40.64,4.14,0,0,0,1/22/2008,1/28/2008,1
1/15/2008,CO,59.36,40.64,4.15,0,0,0,1/15/2008,1/21/2008,1
1/8/2008,CO,59.36,40.64,2,0,0,0,1/8/2008,1/14/2008,1
1/1/2008,CO,59.33,40.67,2.03,0,0,0,1/1/2008,1/7/2008,1
12/25/2007,CO,59.33,40.67,2.03,0,0,0,12/25/2007,12/31/2007,1
12/18/2007,CO,59.33,40.67,2.03,0,0,0,12/18/2007,12/24/2007,1
12/11/2007,CO,54.31,45.69,2.01,0,0,0,12/11/2007,12/17/2007,1
12/4/2007,CO,50.41,49.59,2.01,0,0,0,12/4/2007,12/10/2007,1
11/27/2007,CO,65.96,34.04,1.83,0,0,0,11/27/2007,12/3/2007,1
11/20/2007,CO,65.96,34.04,1.41,0,0,0,11/20/2007,11/26/2007,1
11/13/2007,CO,65.96,34.04,1.41,0,0,0,11/13/2007,11/19/2007,1
11/6/2007,CO,80.49,19.51,1.41,0,0,0,11/6/2007,11/12/2007,1
10/30/2007,CO,80.49,19.51,0.45,0,0,0,10/30/2007,11/5/2007,1
10/23/2007,CO,80.49,19.51,0.45,0,0,0,10/23/2007,10/29/2007,1
10/16/2007,CO,80.49,19.51,0.45,0,0,0,10/16/2007,10/22/2007,1
10/9/2007,CO,80.39,19.61,0.45,0,0,0,10/9/2007,10/15/2007,1
10/2/2007,CO,80.39,19.61,0.45,0,0,0,10/2/2007,10/8/2007,1
9/25/2007,CO,60.36,39.64,2.02,0.14,0,0,9/25/2007,10/1/2007,1
9/18/2007,CO,54.99,45.01,9.6,0.31,0,0,9/18/2007,9/24/2007,1
9/11/2007,CO,54.9,45.1,9.6,0.31,0,0,9/11/2007,9/17/2007,1
9/4/2007,CO,58.33,41.67,9.6,0.31,0,0,9/4/2007,9/10/2007,1
8/28/2007,CO,58.33,41.67,9.6,0.61,0,0,8/28/2007,9/3/2007,1
8/21/2007,CO,54.93,45.07,9.85,0.61,0,0,8/21/2007,8/27/2007,1
8/14/2007,CO,58.33,41.67,16.01,0.61,0,0,8/14/2007,8/20/2007,1
8/7/2007,CO,58.1,41.9,16.01,0.61,0,0,8/7/2007,8/13/2007,1
7/31/2007,CO,52.25,47.75,21,2.29,0,0,7/31/2007,8/6/2007,1
7/24/2007,CO,52.19,47.81,20.54,2.29,0,0,7/24/2007,7/30/2007,1
7/17/2007,CO,56.04,43.96,17.72,2.05,0,0,7/17/2007,7/23/2007,1
7/10/2007,CO,57.72,42.28,17.72,2.05,0,0,7/10/2007,7/16/2007,1
7/3/2007,CO,63.34,36.66,17.72,2.05,0,0,7/3/2007,7/9/2007,1
6/26/2007,CO,67.99,32.01,17.72,2.05,0,0,6/26/2007,7/2/2007,1
6/19/2007,CO,67.69,32.31,17.72,2.05,0,0,6/19/2007,6/25/2007,1
6/12/2007,CO,68.08,31.92,17.72,2.05,0,0,6/12/2007,6/18/2007,1
6/5/2007,CO,67.76,32.24,17.73,2.05,0,0,6/5/2007,6/11/2007,1
5/29/2007,CO,67.76,32.24,17.73,2.05,0,0,5/29/2007,6/4/2007,1
5/22/2007,CO,67.76,32.24,18.33,2.05,0,0,5/22/2007,5/28/2007,1
5/15/2007,CO,67.76,32.24,18.33,2.05,0,0,5/15/2007,5/21/2007,1
5/8/2007,CO,67.76,32.24,18.33,1.49,0,0,5/8/2007,5/14/2007,1
5/1/2007,CO,63.85,36.15,18.33,1.49,0,0,5/1/2007,5/7/2007,1
4/24/2007,CO,58.17,41.83,21.05,1.49,0,0,4/24/2007,4/30/2007,1
4/17/2007,CO,57.4,42.6,22.57,1.62,0,0,4/17/2007,4/23/2007,1
4/10/2007,CO,54.84,45.16,22.31,1.04,0,0,4/10/2007,4/16/2007,1
4/3/2007,CO,54.48,45.52,22.31,1.08,0,0,4/3/2007,4/9/2007,1
3/27/2007,CO,55.19,44.81,23.28,1.47,0,0,3/27/2007,4/2/2007,1
3/20/2007,CO,55.88,44.12,7.52,0.44,0,0,3/20/2007,3/26/2007,1
3/13/2007,CO,77.35,22.65,7.25,0.44,0,0,3/13/2007,3/19/2007,1
3/6/2007,CO,77.35,22.65,7.25,0.44,0,0,3/6/2007,3/12/2007,1
2/27/2007,CO,77.35,22.65,6.49,0.44,0,0,2/27/2007,3/5/2007,1
2/20/2007,CO,74.88,25.12,11.82,2.3,0.01,0,2/20/2007,2/26/2007,1
2/13/2007,CO,74.88,25.12,11.82,2.3,0.01,0,2/13/2007,2/19/2007,1
2/6/2007,CO,73.7,26.3,12.3,2.3,0.01,0,2/6/2007,2/12/2007,1
1/30/2007,CO,73.83,26.17,12.3,2.3,0.01,0,1/30/2007,2/5/2007,1
1/23/2007,CO,73.83,26.17,12.29,2.3,0.01,0,1/23/2007,1/29/2007,1
1/16/2007,CO,73.98,26.02,12.29,2.3,0.01,0,1/16/2007,1/22/2007,1
1/9/2007,CO,59.22,40.78,12.29,2.3,0.01,0,1/9/2007,1/15/2007,1
1/2/2007,CO,59.47,40.53,15.75,2.18,0.01,0,1/2/2007,1/8/2007,1
12/26/2006,CO,54.29,45.71,15.67,2.18,0.01,0,12/26/2006,1/1/2007,1
12/19/2006,CO,46.2,53.8,21.67,7.06,0.01,0,12/19/2006,12/25/2006,1
12/12/2006,CO,46.17,53.83,21.67,7.06,0.01,0,12/12/2006,12/18/2006,1
12/5/2006,CO,43.31,56.69,24.51,7.06,0.01,0,12/5/2006,12/11/2006,1
11/28/2006,CO,44.77,55.23,22.51,7.26,0.04,0,11/28/2006,12/4/2006,1
11/21/2006,CO,46.67,53.33,21.64,6.88,0.04,0,11/21/2006,11/27/2006,1
11/14/2006,CO,46.41,53.59,21.64,6.88,0.04,0,11/14/2006,11/20/2006,1
11/7/2006,CO,46.41,53.59,21.64,6.88,0.04,0,11/7/2006,11/13/2006,1
10/31/2006,CO,41.95,58.05,25.37,6.88,0.04,0,10/31/2006,11/6/2006,1
10/24/2006,CO,26.34,73.66,31.12,8.64,0.04,0,10/24/2006,10/30/2006,1
10/17/2006,CO,26.34,73.66,31.12,8.64,0.04,0,10/17/2006,10/23/2006,1
10/10/2006,CO,26.34,73.66,31.12,8.64,0.03,0,10/10/2006,10/16/2006,1
10/3/2006,CO,0,100,36.54,8.64,0.03,0,10/3/2006,10/9/2006,1
9/26/2006,CO,0,100,36.54,8.64,0.03,0,9/26/2006,10/2/2006,1
9/19/2006,CO,0,100,61.55,8.01,0.03,0,9/19/2006,9/25/2006,1
9/12/2006,CO,0,100,70.31,16.62,4.12,0,9/12/2006,9/18/2006,1
9/5/2006,CO,0,100,79.86,29.88,4.12,0,9/5/2006,9/11/2006,1
8/29/2006,CO,0,100,79.86,29.88,4.12,0,8/29/2006,9/4/2006,1
8/22/2006,CO,0,100,82.06,29.88,4.12,0,8/22/2006,8/28/2006,1
8/15/2006,CO,0,100,85.21,29.88,4.16,0,8/15/2006,8/21/2006,1
8/8/2006,CO,0,100,87.01,40.23,4.16,0,8/8/2006,8/14/2006,1
8/1/2006,CO,0,100,91.98,37.09,6.98,0,8/1/2006,8/7/2006,1
7/25/2006,CO,0,100,91.98,38.87,7,0,7/25/2006,7/31/2006,1
7/18/2006,CO,0,100,91.98,38.88,7,0,7/18/2006,7/24/2006,1
7/11/2006,CO,0,100,91.95,25.55,4.68,0,7/11/2006,7/17/2006,1
7/4/2006,CO,0,100,93.41,62.61,16.92,0,7/4/2006,7/10/2006,1
6/27/2006,CO,0,100,93.36,62.47,23.77,0,6/27/2006,7/3/2006,1
6/20/2006,CO,0,100,76.72,62.47,23.62,0,6/20/2006,6/26/2006,1
6/13/2006,CO,0,100,76.72,62.47,23.62,0,6/13/2006,6/19/2006,1
6/6/2006,CO,0,100,72.84,60.82,11.44,0,6/6/2006,6/12/2006,1
5/30/2006,CO,0,100,65.39,43.08,9.24,0,5/30/2006,6/5/2006,1
5/23/2006,CO,21.61,78.39,59.87,32.41,6.15,0,5/23/2006,5/29/2006,1
5/16/2006,CO,24.54,75.46,54.88,30.6,1.57,0,5/16/2006,5/22/2006,1
5/9/2006,CO,24.54,75.46,54.88,23.57,0.52,0,5/9/2006,5/15/2006,1
5/2/2006,CO,24.54,75.46,55.31,23.57,0.51,0,5/2/2006,5/8/2006,1
4/25/2006,CO,25.98,74.02,56.53,22.43,0.04,0,4/25/2006,5/1/2006,1
4/18/2006,CO,26.69,73.31,48.6,15.23,0.02,0,4/18/2006,4/24/2006,1
4/11/2006,CO,27.02,72.98,48.6,6.62,0.02,0,4/11/2006,4/17/2006,1
4/4/2006,CO,28.93,71.07,49.72,6.62,0,0,4/4/2006,4/10/2006,1
3/28/2006,CO,29.45,70.55,32.18,6.62,0,0,3/28/2006,4/3/2006,1
3/21/2006,CO,38.41,61.59,26.93,6.62,0,0,3/21/2006,3/27/2006,1
3/14/2006,CO,38.41,61.59,27.2,6.62,0,0,3/14/2006,3/20/2006,1
3/7/2006,CO,29.5,70.5,26.44,0.62,0,0,3/7/2006,3/13/2006,1
2/28/2006,CO,29.33,70.67,24.93,0.08,0,0,2/28/2006,3/6/2006,1
2/21/2006,CO,29.33,70.67,25.73,0,0,0,2/21/2006,2/27/2006,1
2/14/2006,CO,29.26,70.74,25.19,0,0,0,2/14/2006,2/20/2006,1
2/7/2006,CO,29.26,70.74,25.08,0,0,0,2/7/2006,2/13/2006,1
1/31/2006,CO,29.26,70.74,25.4,0,0,0,1/31/2006,2/6/2006,1
1/24/2006,CO,53.53,46.47,23.55,0,0,0,1/24/2006,1/30/2006,1
1/17/2006,CO,54.78,45.22,23.55,0,0,0,1/17/2006,1/23/2006,1
1/10/2006,CO,56.11,43.89,5.57,0,0,0,1/10/2006,1/16/2006,1
1/3/2006,CO,59.12,40.88,3.45,0,0,0,1/3/2006,1/9/2006,1
12/27/2005,CO,69.58,30.42,5.81,0,0,0,12/27/2005,1/2/2006,1
12/20/2005,CO,69.58,30.42,5.81,0,0,0,12/20/2005,12/26/2005,1
12/13/2005,CO,69.58,30.42,5.81,0,0,0,12/13/2005,12/19/2005,1
12/6/2005,CO,69.58,30.42,5.81,0,0,0,12/6/2005,12/12/2005,1
11/29/2005,CO,69.58,30.42,5.81,0,0,0,11/29/2005,12/5/2005,1
11/22/2005,CO,69.9,30.1,5.81,0,0,0,11/22/2005,11/28/2005,1
11/15/2005,CO,69.9,30.1,5.81,0,0,0,11/15/2005,11/21/2005,1
11/8/2005,CO,69.9,30.1,5.81,0,0,0,11/8/2005,11/14/2005,1
11/1/2005,CO,69.9,30.1,5.81,0,0,0,11/1/2005,11/7/2005,1
10/25/2005,CO,69.9,30.1,5.81,0,0,0,10/25/2005,10/31/2005,1
10/18/2005,CO,71.1,28.9,5.81,0,0,0,10/18/2005,10/24/2005,1
10/11/2005,CO,71.07,28.93,5.81,0,0,0,10/11/2005,10/17/2005,1
10/4/2005,CO,44.37,55.63,7.3,1.03,0,0,10/4/2005,10/10/2005,1
9/27/2005,CO,50.85,49.15,7.89,1.03,0,0,9/27/2005,10/3/2005,1
9/20/2005,CO,50.96,49.04,8.17,1.03,0,0,9/20/2005,9/26/2005,1
9/13/2005,CO,51.21,48.79,8.06,1.03,0,0,9/13/2005,9/19/2005,1
9/6/2005,CO,51.21,48.79,8.06,1.03,0,0,9/6/2005,9/12/2005,1
8/30/2005,CO,51.12,48.88,8.06,1.03,0,0,8/30/2005,9/5/2005,1
8/23/2005,CO,54.12,45.88,8.06,1.03,0,0,8/23/2005,8/29/2005,1
8/16/2005,CO,51.06,48.94,8.06,1.03,0,0,8/16/2005,8/22/2005,1
8/9/2005,CO,30.58,69.42,7.74,1.17,0,0,8/9/2005,8/15/2005,1
8/2/2005,CO,27.54,72.46,7.74,1.17,0,0,8/2/2005,8/8/2005,1
7/26/2005,CO,28.21,71.79,7.74,1.17,0,0,7/26/2005,8/1/2005,1
7/19/2005,CO,75.88,24.12,7.74,1.17,0,0,7/19/2005,7/25/2005,1
7/12/2005,CO,75.92,24.08,7.74,1.17,0,0,7/12/2005,7/18/2005,1
7/5/2005,CO,77.08,22.92,7.74,1.17,0,0,7/5/2005,7/11/2005,1
6/28/2005,CO,77.08,22.92,9.45,1.17,0,0,6/28/2005,7/4/2005,1
6/21/2005,CO,76.46,23.54,11.23,1.17,0,0,6/21/2005,6/27/2005,1
6/14/2005,CO,75.96,24.04,11.23,1.17,0,0,6/14/2005,6/20/2005,1
6/7/2005,CO,63.99,36.01,11.23,1.17,0,0,6/7/2005,6/13/2005,1
5/31/2005,CO,63.99,36.01,11.23,1.29,0,0,5/31/2005,6/6/2005,1
5/24/2005,CO,63.99,36.01,11.23,1.29,0,0,5/24/2005,5/30/2005,1
5/17/2005,CO,69.82,30.18,11.23,1.29,0,0,5/17/2005,5/23/2005,1
5/10/2005,CO,69.22,30.78,11.54,1.28,0,0,5/10/2005,5/16/2005,1
5/3/2005,CO,62.66,37.34,12.49,1.28,0,0,5/3/2005,5/9/2005,1
4/26/2005,CO,57.19,42.81,14.21,2.71,0,0,4/26/2005,5/2/2005,1
4/19/2005,CO,48.99,51.01,14.76,2.71,0,0,4/19/2005,4/25/2005,1
4/12/2005,CO,48.99,51.01,14.77,2.71,0,0,4/12/2005,4/18/2005,1
4/5/2005,CO,35.02,64.98,17.68,2.93,0,0,4/5/2005,4/11/2005,1
3/29/2005,CO,22.45,77.55,18.95,3.42,0,0,3/29/2005,4/4/2005,1
3/22/2005,CO,22.96,77.04,20.78,7,0,0,3/22/2005,3/28/2005,1
3/15/2005,CO,22.96,77.04,20.78,7,0,0,3/15/2005,3/21/2005,1
3/8/2005,CO,22.96,77.04,20.78,7,0,0,3/8/2005,3/14/2005,1
3/1/2005,CO,22.96,77.04,20.78,7,0,0,3/1/2005,3/7/2005,1
2/22/2005,CO,22.96,77.04,20.85,7,0,0,2/22/2005,2/28/2005,1
2/15/2005,CO,25.34,74.66,20.85,7,0,0,2/15/2005,2/21/2005,1
2/8/2005,CO,25.34,74.66,21.97,7,0,0,2/8/2005,2/14/2005,1
2/1/2005,CO,23.98,76.02,27.73,8.71,0,0,2/1/2005,2/7/2005,1
1/25/2005,CO,23.98,76.02,27.73,8.71,0,0,1/25/2005,1/31/2005,1
1/18/2005,CO,23.97,76.03,27.73,8.71,0,0,1/18/2005,1/24/2005,1
1/11/2005,CO,23.97,76.03,36.02,8.71,0,0,1/11/2005,1/17/2005,1
1/4/2005,CO,23.97,76.03,39.31,8.37,0,0,1/4/2005,1/10/2005,1
12/28/2004,CO,23.97,76.03,39.31,8.37,0,0,12/28/2004,1/3/2005,1
12/21/2004,CO,23.97,76.03,39.31,8.37,0,0,12/21/2004,12/27/2004,1
12/14/2004,CO,23.97,76.03,39.31,8.36,0,0,12/14/2004,12/20/2004,1
12/7/2004,CO,23.97,76.03,39.6,8.44,0,0,12/7/2004,12/13/2004,1
11/30/2004,CO,23.97,76.03,39.31,8.44,0,0,11/30/2004,12/6/2004,1
11/23/2004,CO,22.61,77.39,51.34,13.6,4.94,0,11/23/2004,11/29/2004,1
11/16/2004,CO,22.61,77.39,51.34,13.6,4.94,0,11/16/2004,11/22/2004,1
11/9/2004,CO,22.61,77.39,51.34,14.48,4.94,0,11/9/2004,11/15/2004,1
11/2/2004,CO,22.61,77.39,52.33,15.3,5.34,0,11/2/2004,11/8/2004,1
10/26/2004,CO,22.72,77.28,52.33,16.39,5.41,0,10/26/2004,11/1/2004,1
10/19/2004,CO,22.72,77.28,52.33,15.56,5.21,0,10/19/2004,10/25/2004,1
10/12/2004,CO,21.52,78.48,53.76,15.84,5.21,0,10/12/2004,10/18/2004,1
10/5/2004,CO,21.34,78.66,53.79,15.79,5.21,0,10/5/2004,10/11/2004,1
9/28/2004,CO,20.52,79.48,54.39,15.85,5.21,0,9/28/2004,10/4/2004,1
9/21/2004,CO,15.83,84.17,55.11,15.86,5.21,0,9/21/2004,9/27/2004,1
9/14/2004,CO,15.82,84.18,56.75,15.86,5.21,0,9/14/2004,9/20/2004,1
9/7/2004,CO,17.57,82.43,56.75,15.86,5.21,0,9/7/2004,9/13/2004,1
8/31/2004,CO,17.62,82.38,56.75,17.39,6.89,0,8/31/2004,9/6/2004,1
8/24/2004,CO,15.73,84.27,60.79,18,6.89,0,8/24/2004,8/30/2004,1
8/17/2004,CO,3.1,96.9,65.26,18.9,6.89,0,8/17/2004,8/23/2004,1
8/10/2004,CO,3.1,96.9,67.38,19.69,1.44,0,8/10/2004,8/16/2004,1
8/3/2004,CO,0.33,99.67,78.4,28.57,1.44,0,8/3/2004,8/9/2004,1
7/27/2004,CO,0.44,99.56,72.9,26.04,1.44,0,7/27/2004,8/2/2004,1
7/20/2004,CO,0,100,81.91,43.53,1.38,0,7/20/2004,7/26/2004,1
7/13/2004,CO,0,100,81.47,43.53,1.38,0,7/13/2004,7/19/2004,1
7/6/2004,CO,0,100,80.62,43.46,1.38,0,7/6/2004,7/12/2004,1
6/29/2004,CO,0,100,80.63,43.98,1.39,0,6/29/2004,7/5/2004,1
6/22/2004,CO,0,100,94.92,54.35,1.5,0,6/22/2004,6/28/2004,1
6/15/2004,CO,0,100,94.92,56.1,14.43,0,6/15/2004,6/21/2004,1
6/8/2004,CO,0,100,94.79,56.05,14.3,0,6/8/2004,6/14/2004,1
6/1/2004,CO,0,100,95.07,53.44,14.17,0,6/1/2004,6/7/2004,1
5/25/2004,CO,0,100,93.75,53.93,14.17,0,5/25/2004,5/31/2004,1
5/18/2004,CO,0,100,93.75,47.09,11.64,0,5/18/2004,5/24/2004,1
5/11/2004,CO,0,100,93.75,47.09,11.64,0,5/11/2004,5/17/2004,1
5/4/2004,CO,0,100,93.75,47.09,11.64,0,5/4/2004,5/10/2004,1
4/27/2004,CO,0,100,93.75,47.09,14.44,0,4/27/2004,5/3/2004,1
4/20/2004,CO,0,100,92.31,57.3,24.46,0,4/20/2004,4/26/2004,1
4/13/2004,CO,0,100,92.31,57.3,24.46,0,4/13/2004,4/19/2004,1
4/6/2004,CO,0,100,91.89,58.06,25.48,0,4/6/2004,4/12/2004,1
3/30/2004,CO,0,100,94.61,61.13,26.39,0,3/30/2004,4/5/2004,1
3/23/2004,CO,0,100,94.61,59.09,26.39,0,3/23/2004,3/29/2004,1
3/16/2004,CO,0,100,75.66,56.31,26.09,0,3/16/2004,3/22/2004,1
3/9/2004,CO,0,100,75.66,56.31,26.09,0,3/9/2004,3/15/2004,1
3/2/2004,CO,0,100,75.66,56.27,27.89,0,3/2/2004,3/8/2004,1
2/24/2004,CO,0,100,81.05,54.46,28.7,0,2/24/2004,3/1/2004,1
2/17/2004,CO,0,100,81.05,54.46,28.7,0,2/17/2004,2/23/2004,1
2/10/2004,CO,0,100,76.91,54.29,28.71,0,2/10/2004,2/16/2004,1
2/3/2004,CO,0,100,76.91,54.29,28.71,0,2/3/2004,2/9/2004,1
1/27/2004,CO,0,100,74.09,52.54,28.71,0,1/27/2004,2/2/2004,1
1/20/2004,CO,0,100,74.01,52.54,28.71,0,1/20/2004,1/26/2004,1
1/13/2004,CO,0,100,74.17,52.08,28.43,0,1/13/2004,1/19/2004,1
1/6/2004,CO,0,100,73.76,51.81,28.56,0,1/6/2004,1/12/2004,1
12/30/2003,CO,0,100,77.34,64.07,21.25,0,12/30/2003,1/5/2004,1
12/23/2003,CO,0,100,81.14,63.23,18.27,0,12/23/2003,12/29/2003,1
12/16/2003,CO,0,100,81.08,64.08,18.72,0,12/16/2003,12/22/2003,1
12/9/2003,CO,0,100,81.14,64.67,16.67,0,12/9/2003,12/15/2003,1
12/2/2003,CO,0,100,76.13,57.01,16.24,0,12/2/2003,12/8/2003,1
11/25/2003,CO,0,100,76.59,56.6,18.42,0,11/25/2003,12/1/2003,1
11/18/2003,CO,0,100,76.92,56.75,17.51,0,11/18/2003,11/24/2003,1
11/11/2003,CO,0,100,77.3,58.74,18.79,0,11/11/2003,11/17/2003,1
11/4/2003,CO,0,100,77.31,61.29,17.97,0,11/4/2003,11/10/2003,1
10/28/2003,CO,0,100,79.73,67.6,17.79,0,10/28/2003,11/3/2003,1
10/21/2003,CO,0,100,79.3,67.07,17.69,0,10/21/2003,10/27/2003,1
10/14/2003,CO,0,100,78.56,67.06,18.3,0,10/14/2003,10/20/2003,1
10/7/2003,CO,0,100,79.33,62.8,14.43,0,10/7/2003,10/13/2003,1
9/30/2003,CO,0,100,79.12,61.74,14.43,0,9/30/2003,10/6/2003,1
9/23/2003,CO,0,100,78.9,61.8,14.05,0,9/23/2003,9/29/2003,1
9/16/2003,CO,0,100,78.97,62.35,13.92,0,9/16/2003,9/22/2003,1
9/9/2003,CO,0,100,78.48,60.63,31.88,0.01,9/9/2003,9/15/2003,1
9/2/2003,CO,0,100,100,68.98,34.05,0,9/2/2003,9/8/2003,1
8/26/2003,CO,0,100,100,69.57,36.3,0.17,8/26/2003,9/1/2003,1
8/19/2003,CO,0,100,100,64.11,36.05,0.03,8/19/2003,8/25/2003,1
8/12/2003,CO,0,100,100,64.77,37.57,0.06,8/12/2003,8/18/2003,1
8/5/2003,CO,0,100,100,61.04,37.86,0.1,8/5/2003,8/11/2003,1
7/29/2003,CO,0,100,100,64.57,36.5,0.85,7/29/2003,8/4/2003,1
7/22/2003,CO,0,100,87.09,63.75,36.55,0.71,7/22/2003,7/28/2003,1
7/15/2003,CO,0,100,76.69,57.56,35.83,0.79,7/15/2003,7/21/2003,1
7/8/2003,CO,22.36,77.64,64.49,54.51,31.31,0.85,7/8/2003,7/14/2003,1
7/1/2003,CO,26.37,73.63,63.85,53.67,31.89,0.72,7/1/2003,7/7/2003,1
6/24/2003,CO,26.13,73.87,64.2,53.83,31.72,0.78,6/24/2003,6/30/2003,1
6/17/2003,CO,11.33,88.67,68.25,57.67,37.75,0.71,6/17/2003,6/23/2003,1
6/10/2003,CO,2.16,97.84,71.55,60.12,37.78,0.77,6/10/2003,6/16/2003,1
6/3/2003,CO,0.69,99.31,78.94,63.58,39.46,0,6/3/2003,6/9/2003,1
5/27/2003,CO,0,100,82.35,65.76,45.07,0,5/27/2003,6/2/2003,1
5/20/2003,CO,0,100,81.84,65.08,44.03,0,5/20/2003,5/26/2003,1
5/13/2003,CO,0,100,100,72.5,52.32,0,5/13/2003,5/19/2003,1
5/6/2003,CO,0,100,100,78.4,53.98,0,5/6/2003,5/12/2003,1
4/29/2003,CO,0,100,99.47,80.51,54.95,0,4/29/2003,5/5/2003,1
4/22/2003,CO,0,100,99.63,81.19,52.17,0,4/22/2003,4/28/2003,1
4/15/2003,CO,0,100,99.7,81.5,54.75,0,4/15/2003,4/21/2003,1
4/8/2003,CO,0,100,99.72,83.73,55.63,0,4/8/2003,4/14/2003,1
4/1/2003,CO,0,100,99.67,84.76,55.72,3.7,4/1/2003,4/7/2003,1
3/25/2003,CO,0,100,99.79,88.86,64.45,3.7,3/25/2003,3/31/2003,1
3/18/2003,CO,0,100,99.75,98.82,69.97,7.27,3/18/2003,3/24/2003,1
3/11/2003,CO,0,100,99.62,98.71,69.34,7.29,3/11/2003,3/17/2003,1
3/4/2003,CO,0.02,99.98,99.14,98.74,74.59,7.45,3/4/2003,3/10/2003,1
2/25/2003,CO,0.04,99.96,99.33,98.75,75.76,7.07,2/25/2003,3/3/2003,1
2/18/2003,CO,0.07,99.93,99.61,99.13,75.59,7.09,2/18/2003,2/24/2003,1
2/11/2003,CO,0,100,99.55,99.22,75.49,7.18,2/11/2003,2/17/2003,1
2/4/2003,CO,0.01,99.99,99.44,98.98,75.04,6.71,2/4/2003,2/10/2003,1
1/28/2003,CO,0,100,99.57,99.16,75.04,6.53,1/28/2003,2/3/2003,1
1/21/2003,CO,0,100,99.78,99.05,72.12,6.37,1/21/2003,1/27/2003,1
1/14/2003,CO,0,100,99.72,99.06,73.12,6.83,1/14/2003,1/20/2003,1
1/7/2003,CO,0,100,99.7,99.3,73.37,6.62,1/7/2003,1/13/2003,1
12/31/2002,CO,0,100,99.66,98.98,72.73,7.05,12/31/2002,1/6/2003,1
12/24/2002,CO,0,100,99.66,99.12,72.65,7.06,12/24/2002,12/30/2002,1
12/17/2002,CO,0,100,99.73,99.18,73.34,6.79,12/17/2002,12/23/2002,1
12/10/2002,CO,0,100,99.7,99.14,72.51,6.62,12/10/2002,12/16/2002,1
12/3/2002,CO,0,100,99.63,99.08,71.92,7.48,12/3/2002,12/9/2002,1
11/26/2002,CO,0,100,99.66,99.09,72.37,7.17,11/26/2002,12/2/2002,1
11/19/2002,CO,0,100,99.7,99.2,72.59,7.44,11/19/2002,11/25/2002,1
11/12/2002,CO,0,100,99.68,99.25,72.08,7.04,11/12/2002,11/18/2002,1
11/5/2002,CO,0,100,99.83,99.24,73.15,7.74,11/5/2002,11/11/2002,1
10/29/2002,CO,0,100,100,99.76,77.26,7.5,10/29/2002,11/4/2002,1
10/22/2002,CO,0,100,100,99.97,75.95,7.44,10/22/2002,10/28/2002,1
10/15/2002,CO,0,100,100,99.96,75.28,7.54,10/15/2002,10/21/2002,1
10/8/2002,CO,0,100,100,99.95,72.65,7.56,10/8/2002,10/14/2002,1
10/1/2002,CO,0,100,100,99.95,80.26,25.14,10/1/2002,10/7/2002,1
9/24/2002,CO,0,100,100,99.79,77.83,27.17,9/24/2002,9/30/2002,1
9/17/2002,CO,0,100,100,99.8,78.29,31.02,9/17/2002,9/23/2002,1
9/10/2002,CO,0,100,100,99.66,80.48,31.16,9/10/2002,9/16/2002,1
9/3/2002,CO,0,100,100,100,82.35,32.82,9/3/2002,9/9/2002,1
8/27/2002,CO,0,100,100,100,100,20.21,8/27/2002,9/2/2002,1
8/20/2002,CO,0,100,100,100,100,19.79,8/20/2002,8/26/2002,1
8/13/2002,CO,0,100,100,100,100,19.99,8/13/2002,8/19/2002,1
8/6/2002,CO,0,100,100,100,100,20.12,8/6/2002,8/12/2002,1
7/30/2002,CO,0,100,100,100,100,19.49,7/30/2002,8/5/2002,1
7/23/2002,CO,0,100,100,100,100,33.61,7/23/2002,7/29/2002,1
7/16/2002,CO,0,100,100,100,73.08,34.37,7/16/2002,7/22/2002,1
7/9/2002,CO,0,100,100,100,71.96,33.44,7/9/2002,7/15/2002,1
7/2/2002,CO,0,100,100,100,65.53,29.44,7/2/2002,7/8/2002,1
6/25/2002,CO,0,100,100,100,60.08,13.81,6/25/2002,7/1/2002,1
6/18/2002,CO,0,100,100,100,61.67,13.34,6/18/2002,6/24/2002,1
6/11/2002,CO,0,100,100,100,68.13,9.26,6/11/2002,6/17/2002,1
6/4/2002,CO,0,100,100,100,70.42,9.03,6/4/2002,6/10/2002,1
5/28/2002,CO,0,100,100,100,78.03,9.16,5/28/2002,6/3/2002,1
5/21/2002,CO,0,100,100,100,76.81,0,5/21/2002,5/27/2002,1
5/14/2002,CO,0,100,100,100,76.44,0,5/14/2002,5/20/2002,1
5/7/2002,CO,0,100,100,100,58.57,0,5/7/2002,5/13/2002,1
4/30/2002,CO,0,100,100,100,58.53,0,4/30/2002,5/6/2002,1
4/23/2002,CO,0,100,100,100,46.08,0,4/23/2002,4/29/2002,1
4/16/2002,CO,0,100,100,69.49,0,0,4/16/2002,4/22/2002,1
4/9/2002,CO,0,100,100,52.6,0,0,4/9/2002,4/15/2002,1
4/2/2002,CO,0,100,100,47.92,0,0,4/2/2002,4/8/2002,1
3/26/2002,CO,0,100,86.78,39.6,0,0,3/26/2002,4/1/2002,1
3/19/2002,CO,0,100,79.55,35.51,0,0,3/19/2002,3/25/2002,1
3/12/2002,CO,0,100,77.87,35.76,0,0,3/12/2002,3/18/2002,1
3/5/2002,CO,0,100,76.02,0.21,0,0,3/5/2002,3/11/2002,1
2/26/2002,CO,0,100,77.17,0,0,0,2/26/2002,3/4/2002,1
2/19/2002,CO,0,100,77,0,0,0,2/19/2002,2/25/2002,1
2/12/2002,CO,0,100,53,0,0,0,2/12/2002,2/18/2002,1
2/5/2002,CO,0.56,99.44,44.58,0,0,0,2/5/2002,2/11/2002,1
1/29/2002,CO,1.21,98.79,20.07,0,0,0,1/29/2002,2/4/2002,1
1/22/2002,CO,1.32,98.68,13.88,0,0,0,1/22/2002,1/28/2002,1
1/15/2002,CO,1.37,98.63,14.54,0,0,0,1/15/2002,1/21/2002,1
1/8/2002,CO,1.48,98.52,14,0,0,0,1/8/2002,1/14/2002,1
1/1/2002,CO,44.16,55.84,14.73,0,0,0,1/1/2002,1/7/2002,1
12/25/2001,CO,47.13,52.87,11.19,0,0,0,12/25/2001,12/31/2001,1
12/18/2001,CO,47.13,52.87,9.31,0,0,0,12/18/2001,12/24/2001,1
12/11/2001,CO,46.83,53.17,3.97,0,0,0,12/11/2001,12/17/2001,1
12/4/2001,CO,46.43,53.57,3.88,0,0,0,12/4/2001,12/10/2001,1
11/27/2001,CO,47.91,52.09,4.45,0,0,0,11/27/2001,12/3/2001,1
11/20/2001,CO,47.17,52.83,4.45,0,0,0,11/20/2001,11/26/2001,1
11/13/2001,CO,47.1,52.9,4.64,0,0,0,11/13/2001,11/19/2001,1
11/6/2001,CO,47.55,52.45,3.42,0,0,0,11/6/2001,11/12/2001,1
10/30/2001,CO,52.7,47.3,2.48,0,0,0,10/30/2001,11/5/2001,1
10/23/2001,CO,64.25,35.75,0,0,0,0,10/23/2001,10/29/2001,1
10/16/2001,CO,64.74,35.26,0,0,0,0,10/16/2001,10/22/2001,1
10/9/2001,CO,62.65,37.35,0,0,0,0,10/9/2001,10/15/2001,1
10/2/2001,CO,62.65,37.35,0,0,0,0,10/2/2001,10/8/2001,1
9/25/2001,CO,62.4,37.6,0,0,0,0,9/25/2001,10/1/2001,1
9/18/2001,CO,59.71,40.29,0,0,0,0,9/18/2001,9/24/2001,1
9/11/2001,CO,60.74,39.26,0,0,0,0,9/11/2001,9/17/2001,1
9/4/2001,CO,92.33,7.67,0,0,0,0,9/4/2001,9/10/2001,1
8/28/2001,CO,93.7,6.3,0,0,0,0,8/28/2001,9/3/2001,1
8/21/2001,CO,93.97,6.03,0,0,0,0,8/21/2001,8/27/2001,1
8/14/2001,CO,93.53,6.47,0,0,0,0,8/14/2001,8/20/2001,1
8/7/2001,CO,94.59,5.41,0,0,0,0,8/7/2001,8/13/2001,1
7/31/2001,CO,95.35,4.65,0,0,0,0,7/31/2001,8/6/2001,1
7/24/2001,CO,95.35,4.65,0,0,0,0,7/24/2001,7/30/2001,1
7/17/2001,CO,93.49,6.51,0,0,0,0,7/17/2001,7/23/2001,1
7/10/2001,CO,85.16,14.84,0.34,0,0,0,7/10/2001,7/16/2001,1
7/3/2001,CO,59.4,40.6,1.51,0,0,0,7/3/2001,7/9/2001,1
6/26/2001,CO,64.81,35.19,0,0,0,0,6/26/2001,7/2/2001,1
6/19/2001,CO,75.01,24.99,0,0,0,0,6/19/2001,6/25/2001,1
6/12/2001,CO,81.64,18.36,0,0,0,0,6/12/2001,6/18/2001,1
6/5/2001,CO,99.87,0.13,0,0,0,0,6/5/2001,6/11/2001,1
5/29/2001,CO,99.87,0.13,0,0,0,0,5/29/2001,6/4/2001,1
5/22/2001,CO,99.87,0.13,0,0,0,0,5/22/2001,5/28/2001,1
5/15/2001,CO,99.87,0.13,0,0,0,0,5/15/2001,5/21/2001,1
5/8/2001,CO,99.87,0.13,0,0,0,0,5/8/2001,5/14/2001,1
5/1/2001,CO,99.74,0.26,0,0,0,0,5/1/2001,5/7/2001,1
4/24/2001,CO,99.74,0.26,0,0,0,0,4/24/2001,4/30/2001,1
4/17/2001,CO,97.14,2.86,0,0,0,0,4/17/2001,4/23/2001,1
4/10/2001,CO,97.28,2.72,0,0,0,0,4/10/2001,4/16/2001,1
4/3/2001,CO,97.28,2.72,0,0,0,0,4/3/2001,4/9/2001,1
3/27/2001,CO,97.6,2.4,0,0,0,0,3/27/2001,4/2/2001,1
3/20/2001,CO,97.6,2.4,0,0,0,0,3/20/2001,3/26/2001,1
3/13/2001,CO,97.57,2.43,0,0,0,0,3/13/2001,3/19/2001,1
3/6/2001,CO,99.4,0.6,0,0,0,0,3/6/2001,3/12/2001,1
2/27/2001,CO,99.4,0.6,0,0,0,0,2/27/2001,3/5/2001,1
2/20/2001,CO,99.4,0.6,0,0,0,0,2/20/2001,2/26/2001,1
2/13/2001,CO,99.4,0.6,0,0,0,0,2/13/2001,2/19/2001,1
2/6/2001,CO,99.28,0.72,0,0,0,0,2/6/2001,2/12/2001,1
1/30/2001,CO,96.73,3.27,0,0,0,0,1/30/2001,2/5/2001,1
1/23/2001,CO,96.61,3.39,0,0,0,0,1/23/2001,1/29/2001,1
1/16/2001,CO,96.08,3.92,0,0,0,0,1/16/2001,1/22/2001,1
1/9/2001,CO,96.08,3.92,0,0,0,0,1/9/2001,1/15/2001,1
1/2/2001,CO,96.07,3.93,0,0,0,0,1/2/2001,1/8/2001,1
12/26/2000,CO,96.07,3.93,0,0,0,0,12/26/2000,1/1/2001,1
12/19/2000,CO,96.06,3.94,0,0,0,0,12/19/2000,12/25/2000,1
12/12/2000,CO,86.07,13.93,0,0,0,0,12/12/2000,12/18/2000,1
12/5/2000,CO,84.1,15.9,0,0,0,0,12/5/2000,12/11/2000,1
11/28/2000,CO,74.66,25.34,0,0,0,0,11/28/2000,12/4/2000,1
11/21/2000,CO,74.66,25.34,0,0,0,0,11/21/2000,11/27/2000,1
11/14/2000,CO,74.88,25.12,0,0,0,0,11/14/2000,11/20/2000,1
11/7/2000,CO,46.66,53.34,0,0,0,0,11/7/2000,11/13/2000,1
10/31/2000,CO,8.93,91.07,26.26,0,0,0,10/31/2000,11/6/2000,1
10/24/2000,CO,0,100,33.92,0,0,0,10/24/2000,10/30/2000,1
10/17/2000,CO,30.29,69.71,15.99,1.48,0,0,10/17/2000,10/23/2000,1
10/10/2000,CO,34.31,65.69,12.14,1.6,0,0,10/10/2000,10/16/2000,1
10/3/2000,CO,34.54,65.46,12.14,1.78,0,0,10/3/2000,10/9/2000,1
9/26/2000,CO,29.37,70.63,9.9,1.69,0,0,9/26/2000,10/2/2000,1
9/19/2000,CO,29.64,70.36,11.93,4.47,0.23,0,9/19/2000,9/25/2000,1
9/12/2000,CO,32.35,67.65,11.93,4.31,0.23,0,9/12/2000,9/18/2000,1
9/5/2000,CO,32.35,67.65,10.36,2.27,0.05,0,9/5/2000,9/11/2000,1
8/29/2000,CO,33.71,66.29,20.11,2.28,0.05,0,8/29/2000,9/4/2000,1
8/22/2000,CO,37.42,62.58,20.46,2.28,0.04,0,8/22/2000,8/28/2000,1
8/15/2000,CO,7.08,92.92,23.81,2.49,0.04,0,8/15/2000,8/21/2000,1
8/8/2000,CO,5.45,94.55,21.73,2.36,0,0,8/8/2000,8/14/2000,1
8/1/2000,CO,7.31,92.69,23.34,2.19,0,0,8/1/2000,8/7/2000,1
7/25/2000,CO,7.31,92.69,22.31,2.19,0,0,7/25/2000,7/31/2000,1
7/18/2000,CO,3.14,96.86,26.38,3.1,0,0,7/18/2000,7/24/2000,1
7/11/2000,CO,0.6,99.4,39.8,3.31,0.02,0,7/11/2000,7/17/2000,1
7/4/2000,CO,0.68,99.32,12.01,3.47,0.02,0,7/4/2000,7/10/2000,1
6/27/2000,CO,0,100,6.17,1.55,0,0,6/27/2000,7/3/2000,1
6/20/2000,CO,0,100,2.12,0,0,0,6/20/2000,6/26/2000,1
6/13/2000,CO,20.86,79.14,0.46,0,0,0,6/13/2000,6/19/2000,1
6/6/2000,CO,77.21,22.79,0,0,0,0,6/6/2000,6/12/2000,1
5/30/2000,CO,98.31,1.69,0,0,0,0,5/30/2000,6/5/2000,1
5/23/2000,CO,99.75,0.25,0,0,0,0,5/23/2000,5/29/2000,1
5/16/2000,CO,99.57,0.43,0,0,0,0,5/16/2000,5/22/2000,1
5/9/2000,CO,99.61,0.39,0,0,0,0,5/9/2000,5/15/2000,1
5/2/2000,CO,99.61,0.39,0,0,0,0,5/2/2000,5/8/2000,1
4/25/2000,CO,97.49,2.51,0,0,0,0,4/25/2000,5/1/2000,1
4/18/2000,CO,95.29,4.71,0,0,0,0,4/18/2000,4/24/2000,1
4/11/2000,CO,99.41,0.59,0,0,0,0,4/11/2000,4/17/2000,1
4/4/2000,CO,99.41,0.59,0,0,0,0,4/4/2000,4/10/2000,1
3/28/2000,CO,98.42,1.58,0,0,0,0,3/28/2000,4/3/2000,1
3/21/2000,CO,97.06,2.94,0,0,0,0,3/21/2000,3/27/2000,1
3/14/2000,CO,96.57,3.43,0,0,0,0,3/14/2000,3/20/2000,1
3/7/2000,CO,93.52,6.48,0,0,0,0,3/7/2000,3/13/2000,1
2/29/2000,CO,92,8,1.2,0,0,0,2/29/2000,3/6/2000,1
2/22/2000,CO,93.06,6.94,0.09,0,0,0,2/22/2000,2/28/2000,1
2/15/2000,CO,81.43,18.57,0.09,0,0,0,2/15/2000,2/21/2000,1
2/8/2000,CO,73.87,26.13,0.09,0,0,0,2/8/2000,2/14/2000,1
2/1/2000,CO,69.33,30.67,0.09,0,0,0,2/1/2000,2/7/2000,1
1/25/2000,CO,43.98,56.02,0,0,0,0,1/25/2000,1/31/2000,1
1/18/2000,CO,44.6,55.4,0,0,0,0,1/18/2000,1/24/2000,1
1/11/2000,CO,61.24,38.76,0,0,0,0,1/11/2000,1/17/2000,1
1/4/2000,CO,96.81,3.19,0,0,0,0,1/4/2000,1/10/2000,1
